region,farm_id,crop,predicted_quantity,farm_size_acres_est,source
WESTERN,WESTERN_farm_1,MAIZE,13549.07,13.55,synthetic_split
WESTERN,WESTERN_farm_2,MAIZE,7683.11,7.68,synthetic_split
WESTERN,WESTERN_farm_3,MAIZE,15030.83,15.03,synthetic_split
WESTERN,WESTERN_farm_4,MAIZE,12208.3,12.21,synthetic_split
WESTERN,WESTERN_farm_5,MAIZE,1648.69,1.65,synthetic_split
WESTERN,WESTERN_farm_1,RICE,5476.88,5.48,synthetic_split
WESTERN,WESTERN_farm_2,RICE,4272.83,4.27,synthetic_split
WESTERN,WESTERN_farm_3,RICE,4412.75,4.41,synthetic_split
WESTERN,WESTERN_farm_4,RICE,719.2,0.72,synthetic_split
WESTERN,WESTERN_farm_5,RICE,2528.34,2.53,synthetic_split
WESTERN,WESTERN_farm_1,CASSAVA,8467.68,8.47,synthetic_split
WESTERN,WESTERN_farm_2,CASSAVA,21163.94,21.16,synthetic_split
WESTERN,WESTERN_farm_3,CASSAVA,14703.54,14.7,synthetic_split
WESTERN,WESTERN_farm_4,CASSAVA,18788.88,18.79,synthetic_split
WESTERN,WESTERN_farm_5,CASSAVA,10125.97,10.13,synthetic_split
WESTERN,WESTERN_farm_1,YAM,1000.67,1.0,synthetic_split
WESTERN,WESTERN_farm_2,YAM,2442.17,2.44,synthetic_split
WESTERN,WESTERN_farm_3,YAM,281.03,0.5,synthetic_split
WESTERN,WESTERN_farm_4,YAM,3644.55,3.64,synthetic_split
WESTERN,WESTERN_farm_5,YAM,2781.59,2.78,synthetic_split
WESTERN,WESTERN_farm_1,COCOYAM,7633.74,7.63,synthetic_split
WESTERN,WESTERN_farm_2,COCOYAM,3569.98,3.57,synthetic_split
WESTERN,WESTERN_farm_3,COCOYAM,9774.67,9.77,synthetic_split
WESTERN,WESTERN_farm_4,COCOYAM,8993.49,8.99,synthetic_split
WESTERN,WESTERN_farm_5,COCOYAM,7838.11,7.84,synthetic_split
WESTERN,WESTERN_farm_1,PLANTAIN,7173.55,7.17,synthetic_split
WESTERN,WESTERN_farm_2,PLANTAIN,17201.33,17.2,synthetic_split
WESTERN,WESTERN_farm_3,PLANTAIN,1614.42,1.61,synthetic_split
WESTERN,WESTERN_farm_4,PLANTAIN,5686.45,5.69,synthetic_split
WESTERN,WESTERN_farm_5,PLANTAIN,25174.25,25.17,synthetic_split
CENTRAL ,CENTRAL__farm_1,MAIZE,27067.22,27.07,synthetic_split
CENTRAL ,CENTRAL__farm_2,MAIZE,35162.63,35.16,synthetic_split
CENTRAL ,CENTRAL__farm_3,MAIZE,11841.61,11.84,synthetic_split
CENTRAL ,CENTRAL__farm_4,MAIZE,13463.78,13.46,synthetic_split
CENTRAL ,CENTRAL__farm_5,MAIZE,17065.27,17.07,synthetic_split
CENTRAL ,CENTRAL__farm_1,RICE,484.74,0.5,synthetic_split
CENTRAL ,CENTRAL__farm_2,RICE,332.39,0.5,synthetic_split
CENTRAL ,CENTRAL__farm_3,RICE,1217.05,1.22,synthetic_split
CENTRAL ,CENTRAL__farm_4,RICE,580.53,0.58,synthetic_split
CENTRAL ,CENTRAL__farm_5,RICE,1713.66,1.71,synthetic_split
CENTRAL ,CENTRAL__farm_1,CASSAVA,17161.31,17.16,synthetic_split
CENTRAL ,CENTRAL__farm_2,CASSAVA,32688.51,32.69,synthetic_split
CENTRAL ,CENTRAL__farm_3,CASSAVA,27490.36,27.49,synthetic_split
CENTRAL ,CENTRAL__farm_4,CASSAVA,12262.6,12.26,synthetic_split
CENTRAL ,CENTRAL__farm_5,CASSAVA,32672.08,32.67,synthetic_split
CENTRAL ,CENTRAL__farm_1,YAM,984.91,0.98,synthetic_split
CENTRAL ,CENTRAL__farm_2,YAM,474.21,0.5,synthetic_split
CENTRAL ,CENTRAL__farm_3,YAM,352.87,0.5,synthetic_split
CENTRAL ,CENTRAL__farm_4,YAM,835.27,0.84,synthetic_split
CENTRAL ,CENTRAL__farm_5,YAM,171.04,0.5,synthetic_split
CENTRAL ,CENTRAL__farm_1,COCOYAM,1348.16,1.35,synthetic_split
CENTRAL ,CENTRAL__farm_2,COCOYAM,49.65,0.5,synthetic_split
CENTRAL ,CENTRAL__farm_3,COCOYAM,5306.94,5.31,synthetic_split
CENTRAL ,CENTRAL__farm_4,COCOYAM,4483.69,4.48,synthetic_split
CENTRAL ,CENTRAL__farm_5,COCOYAM,4755.56,4.76,synthetic_split
CENTRAL ,CENTRAL__farm_1,PLANTAIN,6760.85,6.76,synthetic_split
CENTRAL ,CENTRAL__farm_2,PLANTAIN,3974.06,3.97,synthetic_split
CENTRAL ,CENTRAL__farm_3,PLANTAIN,4925.11,4.93,synthetic_split
CENTRAL ,CENTRAL__farm_4,PLANTAIN,1210.59,1.21,synthetic_split
CENTRAL ,CENTRAL__farm_5,PLANTAIN,991.79,0.99,synthetic_split
EASTERN ,EASTERN__farm_1,MAIZE,37586.42,37.59,synthetic_split
EASTERN ,EASTERN__farm_2,MAIZE,26491.23,26.49,synthetic_split
EASTERN ,EASTERN__farm_3,MAIZE,31785.02,31.79,synthetic_split
EASTERN ,EASTERN__farm_4,MAIZE,43018.31,43.02,synthetic_split
EASTERN ,EASTERN__farm_5,MAIZE,35692.22,35.69,synthetic_split
EASTERN ,EASTERN__farm_1,RICE,1955.17,1.96,synthetic_split
EASTERN ,EASTERN__farm_2,RICE,1975.05,1.98,synthetic_split
EASTERN ,EASTERN__farm_3,RICE,1073.51,1.07,synthetic_split
EASTERN ,EASTERN__farm_4,RICE,108.84,0.5,synthetic_split
EASTERN ,EASTERN__farm_5,RICE,1542.43,1.54,synthetic_split
EASTERN ,EASTERN__farm_1,CASSAVA,22585.42,22.59,synthetic_split
EASTERN ,EASTERN__farm_2,CASSAVA,42998.37,43.0,synthetic_split
EASTERN ,EASTERN__farm_3,CASSAVA,89822.2,89.82,synthetic_split
EASTERN ,EASTERN__farm_4,CASSAVA,24622.55,24.62,synthetic_split
EASTERN ,EASTERN__farm_5,CASSAVA,6136.47,6.14,synthetic_split
EASTERN ,EASTERN__farm_1,YAM,4279.88,4.28,synthetic_split
EASTERN ,EASTERN__farm_2,YAM,4465.59,4.47,synthetic_split
EASTERN ,EASTERN__farm_3,YAM,10067.82,10.07,synthetic_split
EASTERN ,EASTERN__farm_4,YAM,8472.52,8.47,synthetic_split
EASTERN ,EASTERN__farm_5,YAM,11923.18,11.92,synthetic_split
EASTERN ,EASTERN__farm_1,COCOYAM,9933.22,9.93,synthetic_split
EASTERN ,EASTERN__farm_2,COCOYAM,6076.54,6.08,synthetic_split
EASTERN ,EASTERN__farm_3,COCOYAM,12171.73,12.17,synthetic_split
EASTERN ,EASTERN__farm_4,COCOYAM,2496.68,2.5,synthetic_split
EASTERN ,EASTERN__farm_5,COCOYAM,339.6,0.5,synthetic_split
EASTERN ,EASTERN__farm_1,PLANTAIN,3941.54,3.94,synthetic_split
EASTERN ,EASTERN__farm_2,PLANTAIN,31618.79,31.62,synthetic_split
EASTERN ,EASTERN__farm_3,PLANTAIN,20217.09,20.22,synthetic_split
EASTERN ,EASTERN__farm_4,PLANTAIN,7059.12,7.06,synthetic_split
EASTERN ,EASTERN__farm_5,PLANTAIN,21931.51,21.93,synthetic_split
GREATER ACCRA,GREATER_ACCRA_farm_1,MAIZE,302.78,0.5,synthetic_split
GREATER ACCRA,GREATER_ACCRA_farm_2,MAIZE,1384.21,1.38,synthetic_split
GREATER ACCRA,GREATER_ACCRA_farm_3,MAIZE,886.91,0.89,synthetic_split
GREATER ACCRA,GREATER_ACCRA_farm_4,MAIZE,757.43,0.76,synthetic_split
GREATER ACCRA,GREATER_ACCRA_farm_5,MAIZE,599.37,0.6,synthetic_split
GREATER ACCRA,GREATER_ACCRA_farm_1,RICE,849.07,0.85,synthetic_split
GREATER ACCRA,GREATER_ACCRA_farm_2,RICE,487.41,0.5,synthetic_split
GREATER ACCRA,GREATER_ACCRA_farm_3,RICE,118.08,0.5,synthetic_split
GREATER ACCRA,GREATER_ACCRA_farm_4,RICE,158.97,0.5,synthetic_split
GREATER ACCRA,GREATER_ACCRA_farm_5,RICE,1295.79,1.3,synthetic_split
GREATER ACCRA,GREATER_ACCRA_farm_1,CASSAVA,1691.07,1.69,synthetic_split
GREATER ACCRA,GREATER_ACCRA_farm_2,CASSAVA,1302.31,1.3,synthetic_split
GREATER ACCRA,GREATER_ACCRA_farm_3,CASSAVA,494.84,0.5,synthetic_split
GREATER ACCRA,GREATER_ACCRA_farm_4,CASSAVA,1803.85,1.8,synthetic_split
GREATER ACCRA,GREATER_ACCRA_farm_5,CASSAVA,1449.43,1.45,synthetic_split
VOLTA,VOLTA_farm_1,MAIZE,15859.32,15.86,synthetic_split
VOLTA,VOLTA_farm_2,MAIZE,9940.94,9.94,synthetic_split
VOLTA,VOLTA_farm_3,MAIZE,6022.63,6.02,synthetic_split
VOLTA,VOLTA_farm_4,MAIZE,2132.4,2.13,synthetic_split
VOLTA,VOLTA_farm_5,MAIZE,19967.71,19.97,synthetic_split
VOLTA,VOLTA_farm_1,RICE,6030.51,6.03,synthetic_split
VOLTA,VOLTA_farm_2,RICE,2677.53,2.68,synthetic_split
VOLTA,VOLTA_farm_3,RICE,4048.2,4.05,synthetic_split
VOLTA,VOLTA_farm_4,RICE,7663.82,7.66,synthetic_split
VOLTA,VOLTA_farm_5,RICE,2338.93,2.34,synthetic_split
VOLTA,VOLTA_farm_1,SORGHUM,1111.43,1.11,synthetic_split
VOLTA,VOLTA_farm_2,SORGHUM,984.15,0.98,synthetic_split
VOLTA,VOLTA_farm_3,SORGHUM,933.48,0.93,synthetic_split
VOLTA,VOLTA_farm_4,SORGHUM,560.63,0.56,synthetic_split
VOLTA,VOLTA_farm_5,SORGHUM,813.91,0.81,synthetic_split
VOLTA,VOLTA_farm_1,CASSAVA,34592.09,34.59,synthetic_split
VOLTA,VOLTA_farm_2,CASSAVA,38485.93,38.49,synthetic_split
VOLTA,VOLTA_farm_3,CASSAVA,5001.05,5.0,synthetic_split
VOLTA,VOLTA_farm_4,CASSAVA,24625.4,24.63,synthetic_split
VOLTA,VOLTA_farm_5,CASSAVA,2464.52,2.46,synthetic_split
VOLTA,VOLTA_farm_1,YAM,8143.41,8.14,synthetic_split
VOLTA,VOLTA_farm_2,YAM,5437.74,5.44,synthetic_split
VOLTA,VOLTA_farm_3,YAM,2382.47,2.38,synthetic_split
VOLTA,VOLTA_farm_4,YAM,1704.59,1.7,synthetic_split
VOLTA,VOLTA_farm_5,YAM,9687.29,9.69,synthetic_split
VOLTA,VOLTA_farm_1,COCOYAM,408.98,0.5,synthetic_split
VOLTA,VOLTA_farm_2,COCOYAM,2217.87,2.22,synthetic_split
VOLTA,VOLTA_farm_3,COCOYAM,1393.03,1.39,synthetic_split
VOLTA,VOLTA_farm_4,COCOYAM,831.58,0.83,synthetic_split
VOLTA,VOLTA_farm_5,COCOYAM,1416.65,1.42,synthetic_split
VOLTA,VOLTA_farm_1,PLANTAIN,77.34,0.5,synthetic_split
VOLTA,VOLTA_farm_2,PLANTAIN,3251.02,3.25,synthetic_split
VOLTA,VOLTA_farm_3,PLANTAIN,1635.76,1.64,synthetic_split
VOLTA,VOLTA_farm_4,PLANTAIN,2654.7,2.65,synthetic_split
VOLTA,VOLTA_farm_5,PLANTAIN,280.58,0.5,synthetic_split
VOLTA,VOLTA_farm_1,COWPEA,324.37,0.5,synthetic_split
VOLTA,VOLTA_farm_2,COWPEA,327.07,0.5,synthetic_split
VOLTA,VOLTA_farm_3,COWPEA,625.09,0.63,synthetic_split
VOLTA,VOLTA_farm_4,COWPEA,381.07,0.5,synthetic_split
VOLTA,VOLTA_farm_5,COWPEA,315.59,0.5,synthetic_split
VOLTA,VOLTA_farm_1,SOYABEAN,732.99,0.73,synthetic_split
VOLTA,VOLTA_farm_2,SOYABEAN,910.33,0.91,synthetic_split
VOLTA,VOLTA_farm_3,SOYABEAN,1429.51,1.43,synthetic_split
VOLTA,VOLTA_farm_4,SOYABEAN,1205.04,1.21,synthetic_split
VOLTA,VOLTA_farm_5,SOYABEAN,59.34,0.5,synthetic_split
ASHANTI,ASHANTI_farm_1,MAIZE,50368.55,50.37,synthetic_split
ASHANTI,ASHANTI_farm_2,MAIZE,54627.57,54.63,synthetic_split
ASHANTI,ASHANTI_farm_3,MAIZE,8549.21,8.55,synthetic_split
ASHANTI,ASHANTI_farm_4,MAIZE,33772.56,33.77,synthetic_split
ASHANTI,ASHANTI_farm_5,MAIZE,6618.49,6.62,synthetic_split
ASHANTI,ASHANTI_farm_1,RICE,2223.26,2.22,synthetic_split
ASHANTI,ASHANTI_farm_2,RICE,930.11,0.93,synthetic_split
ASHANTI,ASHANTI_farm_3,RICE,2180.87,2.18,synthetic_split
ASHANTI,ASHANTI_farm_4,RICE,2404.35,2.4,synthetic_split
ASHANTI,ASHANTI_farm_5,RICE,2542.11,2.54,synthetic_split
ASHANTI,ASHANTI_farm_1,CASSAVA,7092.77,7.09,synthetic_split
ASHANTI,ASHANTI_farm_2,CASSAVA,60302.58,60.3,synthetic_split
ASHANTI,ASHANTI_farm_3,CASSAVA,15155.37,15.16,synthetic_split
ASHANTI,ASHANTI_farm_4,CASSAVA,2462.93,2.46,synthetic_split
ASHANTI,ASHANTI_farm_5,CASSAVA,36526.86,36.53,synthetic_split
ASHANTI,ASHANTI_farm_1,YAM,3839.08,3.84,synthetic_split
ASHANTI,ASHANTI_farm_2,YAM,8588.41,8.59,synthetic_split
ASHANTI,ASHANTI_farm_3,YAM,8365.48,8.37,synthetic_split
ASHANTI,ASHANTI_farm_4,YAM,3282.42,3.28,synthetic_split
ASHANTI,ASHANTI_farm_5,YAM,9862.61,9.86,synthetic_split
ASHANTI,ASHANTI_farm_1,COCOYAM,8624.09,8.62,synthetic_split
ASHANTI,ASHANTI_farm_2,COCOYAM,15268.58,15.27,synthetic_split
ASHANTI,ASHANTI_farm_3,COCOYAM,7587.94,7.59,synthetic_split
ASHANTI,ASHANTI_farm_4,COCOYAM,27748.48,27.75,synthetic_split
ASHANTI,ASHANTI_farm_5,COCOYAM,4879.71,4.88,synthetic_split
ASHANTI,ASHANTI_farm_1,PLANTAIN,1388.24,1.39,synthetic_split
ASHANTI,ASHANTI_farm_2,PLANTAIN,13449.38,13.45,synthetic_split
ASHANTI,ASHANTI_farm_3,PLANTAIN,30675.53,30.68,synthetic_split
ASHANTI,ASHANTI_farm_4,PLANTAIN,27562.82,27.56,synthetic_split
ASHANTI,ASHANTI_farm_5,PLANTAIN,23140.38,23.14,synthetic_split
ASHANTI,ASHANTI_farm_1,G'NUTS,1644.86,1.64,synthetic_split
ASHANTI,ASHANTI_farm_2,G'NUTS,1649.76,1.65,synthetic_split
ASHANTI,ASHANTI_farm_3,G'NUTS,958.08,0.96,synthetic_split
ASHANTI,ASHANTI_farm_4,G'NUTS,583.37,0.58,synthetic_split
ASHANTI,ASHANTI_farm_5,G'NUTS,1425.53,1.43,synthetic_split
ASHANTI,ASHANTI_farm_1,COWPEA,2540.37,2.54,synthetic_split
ASHANTI,ASHANTI_farm_2,COWPEA,1434.61,1.43,synthetic_split
ASHANTI,ASHANTI_farm_3,COWPEA,362.69,0.5,synthetic_split
ASHANTI,ASHANTI_farm_4,COWPEA,2867.21,2.87,synthetic_split
ASHANTI,ASHANTI_farm_5,COWPEA,1007.69,1.01,synthetic_split
BRONG AHAFO,BRONG_AHAFO_farm_1,MAIZE,97025.7,97.03,synthetic_split
BRONG AHAFO,BRONG_AHAFO_farm_2,MAIZE,24957.31,24.96,synthetic_split
BRONG AHAFO,BRONG_AHAFO_farm_3,MAIZE,12714.03,12.71,synthetic_split
BRONG AHAFO,BRONG_AHAFO_farm_4,MAIZE,86078.3,86.08,synthetic_split
BRONG AHAFO,BRONG_AHAFO_farm_5,MAIZE,15875.65,15.88,synthetic_split
BRONG AHAFO,BRONG_AHAFO_farm_1,RICE,318.7,0.5,synthetic_split
BRONG AHAFO,BRONG_AHAFO_farm_2,RICE,1065.58,1.07,synthetic_split
BRONG AHAFO,BRONG_AHAFO_farm_3,RICE,1554.8,1.55,synthetic_split
BRONG AHAFO,BRONG_AHAFO_farm_4,RICE,349.22,0.5,synthetic_split
BRONG AHAFO,BRONG_AHAFO_farm_5,RICE,551.69,0.55,synthetic_split
BRONG AHAFO,BRONG_AHAFO_farm_1,SORGHUM,203.41,0.5,synthetic_split
BRONG AHAFO,BRONG_AHAFO_farm_2,SORGHUM,254.28,0.5,synthetic_split
BRONG AHAFO,BRONG_AHAFO_farm_3,SORGHUM,131.02,0.5,synthetic_split
BRONG AHAFO,BRONG_AHAFO_farm_4,SORGHUM,37.65,0.5,synthetic_split
BRONG AHAFO,BRONG_AHAFO_farm_5,SORGHUM,3.65,0.5,synthetic_split
BRONG AHAFO,BRONG_AHAFO_farm_1,CASSAVA,25468.79,25.47,synthetic_split
BRONG AHAFO,BRONG_AHAFO_farm_2,CASSAVA,14619.04,14.62,synthetic_split
BRONG AHAFO,BRONG_AHAFO_farm_3,CASSAVA,75152.14,75.15,synthetic_split
BRONG AHAFO,BRONG_AHAFO_farm_4,CASSAVA,13511.19,13.51,synthetic_split
BRONG AHAFO,BRONG_AHAFO_farm_5,CASSAVA,56151.84,56.15,synthetic_split
BRONG AHAFO,BRONG_AHAFO_farm_1,YAM,29088.59,29.09,synthetic_split
BRONG AHAFO,BRONG_AHAFO_farm_2,YAM,24347.94,24.35,synthetic_split
BRONG AHAFO,BRONG_AHAFO_farm_3,YAM,8370.31,8.37,synthetic_split
BRONG AHAFO,BRONG_AHAFO_farm_4,YAM,33691.65,33.69,synthetic_split
BRONG AHAFO,BRONG_AHAFO_farm_5,YAM,29974.52,29.97,synthetic_split
BRONG AHAFO,BRONG_AHAFO_farm_1,COCOYAM,15683.21,15.68,synthetic_split
BRONG AHAFO,BRONG_AHAFO_farm_2,COCOYAM,2781.39,2.78,synthetic_split
BRONG AHAFO,BRONG_AHAFO_farm_3,COCOYAM,2626.39,2.63,synthetic_split
BRONG AHAFO,BRONG_AHAFO_farm_4,COCOYAM,19685.35,19.69,synthetic_split
BRONG AHAFO,BRONG_AHAFO_farm_5,COCOYAM,8437.67,8.44,synthetic_split
BRONG AHAFO,BRONG_AHAFO_farm_1,PLANTAIN,8142.41,8.14,synthetic_split
BRONG AHAFO,BRONG_AHAFO_farm_2,PLANTAIN,13219.04,13.22,synthetic_split
BRONG AHAFO,BRONG_AHAFO_farm_3,PLANTAIN,17934.34,17.93,synthetic_split
BRONG AHAFO,BRONG_AHAFO_farm_4,PLANTAIN,25855.17,25.86,synthetic_split
BRONG AHAFO,BRONG_AHAFO_farm_5,PLANTAIN,7750.04,7.75,synthetic_split
BRONG AHAFO,BRONG_AHAFO_farm_1,G'NUTS,4829.34,4.83,synthetic_split
BRONG AHAFO,BRONG_AHAFO_farm_2,G'NUTS,129.82,0.5,synthetic_split
BRONG AHAFO,BRONG_AHAFO_farm_3,G'NUTS,2899.24,2.9,synthetic_split
BRONG AHAFO,BRONG_AHAFO_farm_4,G'NUTS,3310.61,3.31,synthetic_split
BRONG AHAFO,BRONG_AHAFO_farm_5,G'NUTS,553.0,0.55,synthetic_split
BRONG AHAFO,BRONG_AHAFO_farm_1,COWPEA,353.29,0.5,synthetic_split
BRONG AHAFO,BRONG_AHAFO_farm_2,COWPEA,1055.07,1.06,synthetic_split
BRONG AHAFO,BRONG_AHAFO_farm_3,COWPEA,2432.38,2.43,synthetic_split
BRONG AHAFO,BRONG_AHAFO_farm_4,COWPEA,1500.47,1.5,synthetic_split
BRONG AHAFO,BRONG_AHAFO_farm_5,COWPEA,2348.78,2.35,synthetic_split
NORTHERN,NORTHERN_farm_1,MAIZE,49629.62,49.63,synthetic_split
NORTHERN,NORTHERN_farm_2,MAIZE,28837.76,28.84,synthetic_split
NORTHERN,NORTHERN_farm_3,MAIZE,48420.44,48.42,synthetic_split
NORTHERN,NORTHERN_farm_4,MAIZE,1100.54,1.1,synthetic_split
NORTHERN,NORTHERN_farm_5,MAIZE,6734.26,6.73,synthetic_split
NORTHERN,NORTHERN_farm_1,RICE,20319.63,20.32,synthetic_split
NORTHERN,NORTHERN_farm_2,RICE,19520.7,19.52,synthetic_split
NORTHERN,NORTHERN_farm_3,RICE,5699.31,5.7,synthetic_split
NORTHERN,NORTHERN_farm_4,RICE,13002.98,13.0,synthetic_split
NORTHERN,NORTHERN_farm_5,RICE,14846.38,14.85,synthetic_split
NORTHERN,NORTHERN_farm_1,MILLET,17678.25,17.68,synthetic_split
NORTHERN,NORTHERN_farm_2,MILLET,12286.96,12.29,synthetic_split
NORTHERN,NORTHERN_farm_3,MILLET,8405.23,8.41,synthetic_split
NORTHERN,NORTHERN_farm_4,MILLET,7623.17,7.62,synthetic_split
NORTHERN,NORTHERN_farm_5,MILLET,8676.4,8.68,synthetic_split
NORTHERN,NORTHERN_farm_1,SORGHUM,18774.23,18.77,synthetic_split
NORTHERN,NORTHERN_farm_2,SORGHUM,24981.88,24.98,synthetic_split
NORTHERN,NORTHERN_farm_3,SORGHUM,13071.26,13.07,synthetic_split
NORTHERN,NORTHERN_farm_4,SORGHUM,7137.25,7.14,synthetic_split
NORTHERN,NORTHERN_farm_5,SORGHUM,6815.37,6.82,synthetic_split
NORTHERN,NORTHERN_farm_1,CASSAVA,28612.36,28.61,synthetic_split
NORTHERN,NORTHERN_farm_2,CASSAVA,31318.38,31.32,synthetic_split
NORTHERN,NORTHERN_farm_3,CASSAVA,4037.8,4.04,synthetic_split
NORTHERN,NORTHERN_farm_4,CASSAVA,2552.77,2.55,synthetic_split
NORTHERN,NORTHERN_farm_5,CASSAVA,22798.69,22.8,synthetic_split
NORTHERN,NORTHERN_farm_1,YAM,8632.83,8.63,synthetic_split
NORTHERN,NORTHERN_farm_2,YAM,48703.75,48.7,synthetic_split
NORTHERN,NORTHERN_farm_3,YAM,18328.02,18.33,synthetic_split
NORTHERN,NORTHERN_farm_4,YAM,8496.92,8.5,synthetic_split
NORTHERN,NORTHERN_farm_5,YAM,54391.49,54.39,synthetic_split
NORTHERN,NORTHERN_farm_1,G'NUTS,29138.71,29.14,synthetic_split
NORTHERN,NORTHERN_farm_2,G'NUTS,50119.55,50.12,synthetic_split
NORTHERN,NORTHERN_farm_3,G'NUTS,27040.71,27.04,synthetic_split
NORTHERN,NORTHERN_farm_4,G'NUTS,20329.83,20.33,synthetic_split
NORTHERN,NORTHERN_farm_5,G'NUTS,3722.71,3.72,synthetic_split
NORTHERN,NORTHERN_farm_1,COWPEA,2227.67,2.23,synthetic_split
NORTHERN,NORTHERN_farm_2,COWPEA,7023.04,7.02,synthetic_split
NORTHERN,NORTHERN_farm_3,COWPEA,2146.7,2.15,synthetic_split
NORTHERN,NORTHERN_farm_4,COWPEA,23772.29,23.77,synthetic_split
NORTHERN,NORTHERN_farm_5,COWPEA,27374.29,27.37,synthetic_split
NORTHERN,NORTHERN_farm_1,SOYABEAN,8084.74,8.08,synthetic_split
NORTHERN,NORTHERN_farm_2,SOYABEAN,6531.19,6.53,synthetic_split
NORTHERN,NORTHERN_farm_3,SOYABEAN,10362.41,10.36,synthetic_split
NORTHERN,NORTHERN_farm_4,SOYABEAN,17971.64,17.97,synthetic_split
NORTHERN,NORTHERN_farm_5,SOYABEAN,17481.31,17.48,synthetic_split
UPPER WEST,UPPER_WEST_farm_1,MAIZE,2283.36,2.28,synthetic_split
UPPER WEST,UPPER_WEST_farm_2,MAIZE,9532.52,9.53,synthetic_split
UPPER WEST,UPPER_WEST_farm_3,MAIZE,12434.13,12.43,synthetic_split
UPPER WEST,UPPER_WEST_farm_4,MAIZE,13098.14,13.1,synthetic_split
UPPER WEST,UPPER_WEST_farm_5,MAIZE,30001.84,30.0,synthetic_split
UPPER WEST,UPPER_WEST_farm_1,RICE,1372.52,1.37,synthetic_split
UPPER WEST,UPPER_WEST_farm_2,RICE,162.4,0.5,synthetic_split
UPPER WEST,UPPER_WEST_farm_3,RICE,1231.9,1.23,synthetic_split
UPPER WEST,UPPER_WEST_farm_4,RICE,1726.94,1.73,synthetic_split
UPPER WEST,UPPER_WEST_farm_5,RICE,335.24,0.5,synthetic_split
UPPER WEST,UPPER_WEST_farm_1,MILLET,19347.72,19.35,synthetic_split
UPPER WEST,UPPER_WEST_farm_2,MILLET,1206.23,1.21,synthetic_split
UPPER WEST,UPPER_WEST_farm_3,MILLET,21469.07,21.47,synthetic_split
UPPER WEST,UPPER_WEST_farm_4,MILLET,2300.79,2.3,synthetic_split
UPPER WEST,UPPER_WEST_farm_5,MILLET,19582.56,19.58,synthetic_split
UPPER WEST,UPPER_WEST_farm_1,SORGHUM,22298.86,22.3,synthetic_split
UPPER WEST,UPPER_WEST_farm_2,SORGHUM,24199.0,24.2,synthetic_split
UPPER WEST,UPPER_WEST_farm_3,SORGHUM,19812.99,19.81,synthetic_split
UPPER WEST,UPPER_WEST_farm_4,SORGHUM,19255.97,19.26,synthetic_split
UPPER WEST,UPPER_WEST_farm_5,SORGHUM,15871.7,15.87,synthetic_split
UPPER WEST,UPPER_WEST_farm_1,YAM,7261.91,7.26,synthetic_split
UPPER WEST,UPPER_WEST_farm_2,YAM,1254.31,1.25,synthetic_split
UPPER WEST,UPPER_WEST_farm_3,YAM,4997.3,5.0,synthetic_split
UPPER WEST,UPPER_WEST_farm_4,YAM,4793.66,4.79,synthetic_split
UPPER WEST,UPPER_WEST_farm_5,YAM,7994.41,7.99,synthetic_split
UPPER WEST,UPPER_WEST_farm_1,G'NUTS,32407.52,32.41,synthetic_split
UPPER WEST,UPPER_WEST_farm_2,G'NUTS,26965.89,26.97,synthetic_split
UPPER WEST,UPPER_WEST_farm_3,G'NUTS,44785.41,44.79,synthetic_split
UPPER WEST,UPPER_WEST_farm_4,G'NUTS,18659.09,18.66,synthetic_split
UPPER WEST,UPPER_WEST_farm_5,G'NUTS,9787.28,9.79,synthetic_split
UPPER WEST,UPPER_WEST_farm_1,COWPEA,19501.73,19.5,synthetic_split
UPPER WEST,UPPER_WEST_farm_2,COWPEA,17012.87,17.01,synthetic_split
UPPER WEST,UPPER_WEST_farm_3,COWPEA,9490.96,9.49,synthetic_split
UPPER WEST,UPPER_WEST_farm_4,COWPEA,14997.81,15.0,synthetic_split
UPPER WEST,UPPER_WEST_farm_5,COWPEA,14952.13,14.95,synthetic_split
UPPER WEST,UPPER_WEST_farm_1,SOYABEAN,1940.07,1.94,synthetic_split
UPPER WEST,UPPER_WEST_farm_2,SOYABEAN,2247.93,2.25,synthetic_split
UPPER WEST,UPPER_WEST_farm_3,SOYABEAN,4062.32,4.06,synthetic_split
UPPER WEST,UPPER_WEST_farm_4,SOYABEAN,1758.68,1.76,synthetic_split
UPPER WEST,UPPER_WEST_farm_5,SOYABEAN,5621.0,5.62,synthetic_split
UPPER EAST,UPPER_EAST_farm_1,MAIZE,12780.36,12.78,synthetic_split
UPPER EAST,UPPER_EAST_farm_2,MAIZE,6707.29,6.71,synthetic_split
UPPER EAST,UPPER_EAST_farm_3,MAIZE,4579.67,4.58,synthetic_split
UPPER EAST,UPPER_EAST_farm_4,MAIZE,7467.74,7.47,synthetic_split
UPPER EAST,UPPER_EAST_farm_5,MAIZE,11834.93,11.83,synthetic_split
UPPER EAST,UPPER_EAST_farm_1,RICE,11451.99,11.45,synthetic_split
UPPER EAST,UPPER_EAST_farm_2,RICE,14115.94,14.12,synthetic_split
UPPER EAST,UPPER_EAST_farm_3,RICE,9348.53,9.35,synthetic_split
UPPER EAST,UPPER_EAST_farm_4,RICE,11106.81,11.11,synthetic_split
UPPER EAST,UPPER_EAST_farm_5,RICE,5056.73,5.06,synthetic_split
UPPER EAST,UPPER_EAST_farm_1,MILLET,16826.08,16.83,synthetic_split
UPPER EAST,UPPER_EAST_farm_2,MILLET,4634.25,4.63,synthetic_split
UPPER EAST,UPPER_EAST_farm_3,MILLET,15908.07,15.91,synthetic_split
UPPER EAST,UPPER_EAST_farm_4,MILLET,19706.99,19.71,synthetic_split
UPPER EAST,UPPER_EAST_farm_5,MILLET,3024.62,3.02,synthetic_split
UPPER EAST,UPPER_EAST_farm_1,SORGHUM,16570.28,16.57,synthetic_split
UPPER EAST,UPPER_EAST_farm_2,SORGHUM,2564.8,2.56,synthetic_split
UPPER EAST,UPPER_EAST_farm_3,SORGHUM,19573.09,19.57,synthetic_split
UPPER EAST,UPPER_EAST_farm_4,SORGHUM,2278.84,2.28,synthetic_split
UPPER EAST,UPPER_EAST_farm_5,SORGHUM,25242.99,25.24,synthetic_split
UPPER EAST,UPPER_EAST_farm_1,G'NUTS,3183.47,3.18,synthetic_split
UPPER EAST,UPPER_EAST_farm_2,G'NUTS,22215.35,22.22,synthetic_split
UPPER EAST,UPPER_EAST_farm_3,G'NUTS,18554.9,18.55,synthetic_split
UPPER EAST,UPPER_EAST_farm_4,G'NUTS,13754.43,13.75,synthetic_split
UPPER EAST,UPPER_EAST_farm_5,G'NUTS,18131.85,18.13,synthetic_split
UPPER EAST,UPPER_EAST_farm_1,COWPEA,7679.2,7.68,synthetic_split
UPPER EAST,UPPER_EAST_farm_2,COWPEA,9136.71,9.14,synthetic_split
UPPER EAST,UPPER_EAST_farm_3,COWPEA,2447.17,2.45,synthetic_split
UPPER EAST,UPPER_EAST_farm_4,COWPEA,5698.94,5.7,synthetic_split
UPPER EAST,UPPER_EAST_farm_5,COWPEA,917.98,0.92,synthetic_split
UPPER EAST,UPPER_EAST_farm_1,SOYABEAN,1427.78,1.43,synthetic_split
UPPER EAST,UPPER_EAST_farm_2,SOYABEAN,396.92,0.5,synthetic_split
UPPER EAST,UPPER_EAST_farm_3,SOYABEAN,1309.1,1.31,synthetic_split
UPPER EAST,UPPER_EAST_farm_4,SOYABEAN,1326.43,1.33,synthetic_split
UPPER EAST,UPPER_EAST_farm_5,SOYABEAN,1079.78,1.08,synthetic_split
WESTERN,WESTERN_farm_1,MAIZE,9232.79,9.23,synthetic_split
WESTERN,WESTERN_farm_2,MAIZE,13495.44,13.5,synthetic_split
WESTERN,WESTERN_farm_3,MAIZE,14119.42,14.12,synthetic_split
WESTERN,WESTERN_farm_4,MAIZE,8694.36,8.69,synthetic_split
WESTERN,WESTERN_farm_5,MAIZE,10592.39,10.59,synthetic_split
WESTERN,WESTERN_farm_1,RICE,10251.38,10.25,synthetic_split
WESTERN,WESTERN_farm_2,RICE,1318.07,1.32,synthetic_split
WESTERN,WESTERN_farm_3,RICE,1289.12,1.29,synthetic_split
WESTERN,WESTERN_farm_4,RICE,965.53,0.97,synthetic_split
WESTERN,WESTERN_farm_5,RICE,7242.0,7.24,synthetic_split
WESTERN,WESTERN_farm_1,CASSAVA,75267.05,75.27,synthetic_split
WESTERN,WESTERN_farm_2,CASSAVA,139225.36,139.23,synthetic_split
WESTERN,WESTERN_farm_3,CASSAVA,120689.46,120.69,synthetic_split
WESTERN,WESTERN_farm_4,CASSAVA,59989.09,59.99,synthetic_split
WESTERN,WESTERN_farm_5,CASSAVA,161529.05,161.53,synthetic_split
WESTERN,WESTERN_farm_1,YAM,20287.98,20.29,synthetic_split
WESTERN,WESTERN_farm_2,YAM,7197.87,7.2,synthetic_split
WESTERN,WESTERN_farm_3,YAM,9689.72,9.69,synthetic_split
WESTERN,WESTERN_farm_4,YAM,8366.01,8.37,synthetic_split
WESTERN,WESTERN_farm_5,YAM,4193.43,4.19,synthetic_split
WESTERN,WESTERN_farm_1,COCOYAM,10391.48,10.39,synthetic_split
WESTERN,WESTERN_farm_2,COCOYAM,65824.37,65.82,synthetic_split
WESTERN,WESTERN_farm_3,COCOYAM,30791.49,30.79,synthetic_split
WESTERN,WESTERN_farm_4,COCOYAM,26953.37,26.95,synthetic_split
WESTERN,WESTERN_farm_5,COCOYAM,51308.29,51.31,synthetic_split
WESTERN,WESTERN_farm_1,PLANTAIN,90334.52,90.33,synthetic_split
WESTERN,WESTERN_farm_2,PLANTAIN,152923.72,152.92,synthetic_split
WESTERN,WESTERN_farm_3,PLANTAIN,127466.63,127.47,synthetic_split
WESTERN,WESTERN_farm_4,PLANTAIN,78307.71,78.31,synthetic_split
WESTERN,WESTERN_farm_5,PLANTAIN,61480.43,61.48,synthetic_split
CENTRAL ,CENTRAL__farm_1,MAIZE,55083.81,55.08,synthetic_split
CENTRAL ,CENTRAL__farm_2,MAIZE,40072.68,40.07,synthetic_split
CENTRAL ,CENTRAL__farm_3,MAIZE,53105.37,53.11,synthetic_split
CENTRAL ,CENTRAL__farm_4,MAIZE,6614.68,6.61,synthetic_split
CENTRAL ,CENTRAL__farm_5,MAIZE,47485.45,47.49,synthetic_split
CENTRAL ,CENTRAL__farm_1,RICE,1671.26,1.67,synthetic_split
CENTRAL ,CENTRAL__farm_2,RICE,319.84,0.5,synthetic_split
CENTRAL ,CENTRAL__farm_3,RICE,1543.2,1.54,synthetic_split
CENTRAL ,CENTRAL__farm_4,RICE,1799.87,1.8,synthetic_split
CENTRAL ,CENTRAL__farm_5,RICE,32.27,0.5,synthetic_split
CENTRAL ,CENTRAL__farm_1,CASSAVA,362756.22,362.76,synthetic_split
CENTRAL ,CENTRAL__farm_2,CASSAVA,659051.22,659.05,synthetic_split
CENTRAL ,CENTRAL__farm_3,CASSAVA,235833.34,235.83,synthetic_split
CENTRAL ,CENTRAL__farm_4,CASSAVA,366133.82,366.13,synthetic_split
CENTRAL ,CENTRAL__farm_5,CASSAVA,353171.6,353.17,synthetic_split
CENTRAL ,CENTRAL__farm_1,YAM,1525.67,1.53,synthetic_split
CENTRAL ,CENTRAL__farm_2,YAM,4640.98,4.64,synthetic_split
CENTRAL ,CENTRAL__farm_3,YAM,3947.96,3.95,synthetic_split
CENTRAL ,CENTRAL__farm_4,YAM,558.81,0.56,synthetic_split
CENTRAL ,CENTRAL__farm_5,YAM,5038.12,5.04,synthetic_split
CENTRAL ,CENTRAL__farm_1,COCOYAM,26710.5,26.71,synthetic_split
CENTRAL ,CENTRAL__farm_2,COCOYAM,8625.27,8.63,synthetic_split
CENTRAL ,CENTRAL__farm_3,COCOYAM,25425.3,25.43,synthetic_split
CENTRAL ,CENTRAL__farm_4,COCOYAM,3233.07,3.23,synthetic_split
CENTRAL ,CENTRAL__farm_5,COCOYAM,30353.26,30.35,synthetic_split
CENTRAL ,CENTRAL__farm_1,PLANTAIN,45456.88,45.46,synthetic_split
CENTRAL ,CENTRAL__farm_2,PLANTAIN,44394.37,44.39,synthetic_split
CENTRAL ,CENTRAL__farm_3,PLANTAIN,6175.83,6.18,synthetic_split
CENTRAL ,CENTRAL__farm_4,PLANTAIN,61254.74,61.25,synthetic_split
CENTRAL ,CENTRAL__farm_5,PLANTAIN,1980.26,1.98,synthetic_split
EASTERN ,EASTERN__farm_1,MAIZE,38644.12,38.64,synthetic_split
EASTERN ,EASTERN__farm_2,MAIZE,22949.79,22.95,synthetic_split
EASTERN ,EASTERN__farm_3,MAIZE,124642.92,124.64,synthetic_split
EASTERN ,EASTERN__farm_4,MAIZE,31804.55,31.8,synthetic_split
EASTERN ,EASTERN__farm_5,MAIZE,146124.22,146.12,synthetic_split
EASTERN ,EASTERN__farm_1,RICE,10806.83,10.81,synthetic_split
EASTERN ,EASTERN__farm_2,RICE,595.49,0.6,synthetic_split
EASTERN ,EASTERN__farm_3,RICE,89.41,0.5,synthetic_split
EASTERN ,EASTERN__farm_4,RICE,850.65,0.85,synthetic_split
EASTERN ,EASTERN__farm_5,RICE,9977.81,9.98,synthetic_split
EASTERN ,EASTERN__farm_1,CASSAVA,1125415.58,1125.42,synthetic_split
EASTERN ,EASTERN__farm_2,CASSAVA,334968.38,334.97,synthetic_split
EASTERN ,EASTERN__farm_3,CASSAVA,1192713.22,1192.71,synthetic_split
EASTERN ,EASTERN__farm_4,CASSAVA,80363.29,80.36,synthetic_split
EASTERN ,EASTERN__farm_5,CASSAVA,1124688.28,1124.69,synthetic_split
EASTERN ,EASTERN__farm_1,YAM,193421.26,193.42,synthetic_split
EASTERN ,EASTERN__farm_2,YAM,160964.56,160.96,synthetic_split
EASTERN ,EASTERN__farm_3,YAM,145540.06,145.54,synthetic_split
EASTERN ,EASTERN__farm_4,YAM,174697.12,174.7,synthetic_split
EASTERN ,EASTERN__farm_5,YAM,8370.5,8.37,synthetic_split
EASTERN ,EASTERN__farm_1,COCOYAM,23177.6,23.18,synthetic_split
EASTERN ,EASTERN__farm_2,COCOYAM,14349.29,14.35,synthetic_split
EASTERN ,EASTERN__farm_3,COCOYAM,57952.69,57.95,synthetic_split
EASTERN ,EASTERN__farm_4,COCOYAM,85595.65,85.6,synthetic_split
EASTERN ,EASTERN__farm_5,COCOYAM,72365.99,72.37,synthetic_split
EASTERN ,EASTERN__farm_1,PLANTAIN,329772.15,329.77,synthetic_split
EASTERN ,EASTERN__farm_2,PLANTAIN,60137.53,60.14,synthetic_split
EASTERN ,EASTERN__farm_3,PLANTAIN,284630.15,284.63,synthetic_split
EASTERN ,EASTERN__farm_4,PLANTAIN,74794.24,74.79,synthetic_split
EASTERN ,EASTERN__farm_5,PLANTAIN,104905.92,104.91,synthetic_split
GREATER ACCRA,GREATER_ACCRA_farm_1,MAIZE,1065.47,1.07,synthetic_split
GREATER ACCRA,GREATER_ACCRA_farm_2,MAIZE,1471.15,1.47,synthetic_split
GREATER ACCRA,GREATER_ACCRA_farm_3,MAIZE,917.84,0.92,synthetic_split
GREATER ACCRA,GREATER_ACCRA_farm_4,MAIZE,81.8,0.5,synthetic_split
GREATER ACCRA,GREATER_ACCRA_farm_5,MAIZE,924.99,0.92,synthetic_split
GREATER ACCRA,GREATER_ACCRA_farm_1,RICE,418.24,0.5,synthetic_split
GREATER ACCRA,GREATER_ACCRA_farm_2,RICE,8731.63,8.73,synthetic_split
GREATER ACCRA,GREATER_ACCRA_farm_3,RICE,7007.64,7.01,synthetic_split
GREATER ACCRA,GREATER_ACCRA_farm_4,RICE,1709.77,1.71,synthetic_split
GREATER ACCRA,GREATER_ACCRA_farm_5,RICE,905.82,0.91,synthetic_split
GREATER ACCRA,GREATER_ACCRA_farm_1,CASSAVA,4334.85,4.33,synthetic_split
GREATER ACCRA,GREATER_ACCRA_farm_2,CASSAVA,23147.13,23.15,synthetic_split
GREATER ACCRA,GREATER_ACCRA_farm_3,CASSAVA,10830.68,10.83,synthetic_split
GREATER ACCRA,GREATER_ACCRA_farm_4,CASSAVA,18519.1,18.52,synthetic_split
GREATER ACCRA,GREATER_ACCRA_farm_5,CASSAVA,15031.24,15.03,synthetic_split
VOLTA,VOLTA_farm_1,MAIZE,22027.69,22.03,synthetic_split
VOLTA,VOLTA_farm_2,MAIZE,5584.92,5.58,synthetic_split
VOLTA,VOLTA_farm_3,MAIZE,36405.06,36.41,synthetic_split
VOLTA,VOLTA_farm_4,MAIZE,11596.31,11.6,synthetic_split
VOLTA,VOLTA_farm_5,MAIZE,22243.35,22.24,synthetic_split
VOLTA,VOLTA_farm_1,RICE,17905.14,17.91,synthetic_split
VOLTA,VOLTA_farm_2,RICE,16611.91,16.61,synthetic_split
VOLTA,VOLTA_farm_3,RICE,24066.96,24.07,synthetic_split
VOLTA,VOLTA_farm_4,RICE,3798.1,3.8,synthetic_split
VOLTA,VOLTA_farm_5,RICE,13007.2,13.01,synthetic_split
VOLTA,VOLTA_farm_1,SORGHUM,1532.08,1.53,synthetic_split
VOLTA,VOLTA_farm_2,SORGHUM,1798.03,1.8,synthetic_split
VOLTA,VOLTA_farm_3,SORGHUM,452.07,0.5,synthetic_split
VOLTA,VOLTA_farm_4,SORGHUM,508.48,0.51,synthetic_split
VOLTA,VOLTA_farm_5,SORGHUM,1054.45,1.05,synthetic_split
VOLTA,VOLTA_farm_1,CASSAVA,211633.55,211.63,synthetic_split
VOLTA,VOLTA_farm_2,CASSAVA,297201.53,297.2,synthetic_split
VOLTA,VOLTA_farm_3,CASSAVA,424363.34,424.36,synthetic_split
VOLTA,VOLTA_farm_4,CASSAVA,440783.66,440.78,synthetic_split
VOLTA,VOLTA_farm_5,CASSAVA,286024.56,286.02,synthetic_split
VOLTA,VOLTA_farm_1,YAM,111268.34,111.27,synthetic_split
VOLTA,VOLTA_farm_2,YAM,59237.2,59.24,synthetic_split
VOLTA,VOLTA_farm_3,YAM,160133.48,160.13,synthetic_split
VOLTA,VOLTA_farm_4,YAM,86296.66,86.3,synthetic_split
VOLTA,VOLTA_farm_5,YAM,9815.27,9.82,synthetic_split
VOLTA,VOLTA_farm_1,COCOYAM,9137.63,9.14,synthetic_split
VOLTA,VOLTA_farm_2,COCOYAM,10354.8,10.35,synthetic_split
VOLTA,VOLTA_farm_3,COCOYAM,4926.83,4.93,synthetic_split
VOLTA,VOLTA_farm_4,COCOYAM,12502.18,12.5,synthetic_split
VOLTA,VOLTA_farm_5,COCOYAM,12356.16,12.36,synthetic_split
VOLTA,VOLTA_farm_1,PLANTAIN,14138.25,14.14,synthetic_split
VOLTA,VOLTA_farm_2,PLANTAIN,13049.61,13.05,synthetic_split
VOLTA,VOLTA_farm_3,PLANTAIN,13139.93,13.14,synthetic_split
VOLTA,VOLTA_farm_4,PLANTAIN,6368.52,6.37,synthetic_split
VOLTA,VOLTA_farm_5,PLANTAIN,15858.8,15.86,synthetic_split
VOLTA,VOLTA_farm_1,COWPEA,306.58,0.5,synthetic_split
VOLTA,VOLTA_farm_2,COWPEA,240.86,0.5,synthetic_split
VOLTA,VOLTA_farm_3,COWPEA,349.5,0.5,synthetic_split
VOLTA,VOLTA_farm_4,COWPEA,201.35,0.5,synthetic_split
VOLTA,VOLTA_farm_5,COWPEA,286.26,0.5,synthetic_split
VOLTA,VOLTA_farm_1,SOYABEAN,1032.61,1.03,synthetic_split
VOLTA,VOLTA_farm_2,SOYABEAN,1242.43,1.24,synthetic_split
VOLTA,VOLTA_farm_3,SOYABEAN,1291.01,1.29,synthetic_split
VOLTA,VOLTA_farm_4,SOYABEAN,705.92,0.71,synthetic_split
VOLTA,VOLTA_farm_5,SOYABEAN,729.25,0.73,synthetic_split
ASHANTI,ASHANTI_farm_1,MAIZE,54247.18,54.25,synthetic_split
ASHANTI,ASHANTI_farm_2,MAIZE,21326.03,21.33,synthetic_split
ASHANTI,ASHANTI_farm_3,MAIZE,56791.24,56.79,synthetic_split
ASHANTI,ASHANTI_farm_4,MAIZE,33512.67,33.51,synthetic_split
ASHANTI,ASHANTI_farm_5,MAIZE,7857.4,7.86,synthetic_split
ASHANTI,ASHANTI_farm_1,RICE,1256.41,1.26,synthetic_split
ASHANTI,ASHANTI_farm_2,RICE,14680.8,14.68,synthetic_split
ASHANTI,ASHANTI_farm_3,RICE,968.87,0.97,synthetic_split
ASHANTI,ASHANTI_farm_4,RICE,4892.68,4.89,synthetic_split
ASHANTI,ASHANTI_farm_5,RICE,5825.82,5.83,synthetic_split
ASHANTI,ASHANTI_farm_1,CASSAVA,158714.11,158.71,synthetic_split
ASHANTI,ASHANTI_farm_2,CASSAVA,287982.11,287.98,synthetic_split
ASHANTI,ASHANTI_farm_3,CASSAVA,681384.82,681.38,synthetic_split
ASHANTI,ASHANTI_farm_4,CASSAVA,13470.8,13.47,synthetic_split
ASHANTI,ASHANTI_farm_5,CASSAVA,758891.95,758.89,synthetic_split
ASHANTI,ASHANTI_farm_1,YAM,191767.48,191.77,synthetic_split
ASHANTI,ASHANTI_farm_2,YAM,83343.45,83.34,synthetic_split
ASHANTI,ASHANTI_farm_3,YAM,34391.49,34.39,synthetic_split
ASHANTI,ASHANTI_farm_4,YAM,134518.61,134.52,synthetic_split
ASHANTI,ASHANTI_farm_5,YAM,26792.78,26.79,synthetic_split
ASHANTI,ASHANTI_farm_1,COCOYAM,41345.83,41.35,synthetic_split
ASHANTI,ASHANTI_farm_2,COCOYAM,108591.26,108.59,synthetic_split
ASHANTI,ASHANTI_farm_3,COCOYAM,112787.41,112.79,synthetic_split
ASHANTI,ASHANTI_farm_4,COCOYAM,87480.48,87.48,synthetic_split
ASHANTI,ASHANTI_farm_5,COCOYAM,35232.34,35.23,synthetic_split
ASHANTI,ASHANTI_farm_1,PLANTAIN,276315.58,276.32,synthetic_split
ASHANTI,ASHANTI_farm_2,PLANTAIN,283444.34,283.44,synthetic_split
ASHANTI,ASHANTI_farm_3,PLANTAIN,155841.43,155.84,synthetic_split
ASHANTI,ASHANTI_farm_4,PLANTAIN,257520.01,257.52,synthetic_split
ASHANTI,ASHANTI_farm_5,PLANTAIN,4310.55,4.31,synthetic_split
ASHANTI,ASHANTI_farm_1,G'NUTS,895.91,0.9,synthetic_split
ASHANTI,ASHANTI_farm_2,G'NUTS,2250.24,2.25,synthetic_split
ASHANTI,ASHANTI_farm_3,G'NUTS,701.75,0.7,synthetic_split
ASHANTI,ASHANTI_farm_4,G'NUTS,710.99,0.71,synthetic_split
ASHANTI,ASHANTI_farm_5,G'NUTS,3583.94,3.58,synthetic_split
ASHANTI,ASHANTI_farm_1,COWPEA,671.48,0.67,synthetic_split
ASHANTI,ASHANTI_farm_2,COWPEA,377.42,0.5,synthetic_split
ASHANTI,ASHANTI_farm_3,COWPEA,569.61,0.57,synthetic_split
ASHANTI,ASHANTI_farm_4,COWPEA,672.29,0.67,synthetic_split
ASHANTI,ASHANTI_farm_5,COWPEA,96.12,0.5,synthetic_split
BRONG AHAFO,BRONG_AHAFO_farm_1,MAIZE,92356.71,92.36,synthetic_split
BRONG AHAFO,BRONG_AHAFO_farm_2,MAIZE,80885.85,80.89,synthetic_split
BRONG AHAFO,BRONG_AHAFO_farm_3,MAIZE,16493.39,16.49,synthetic_split
BRONG AHAFO,BRONG_AHAFO_farm_4,MAIZE,155628.54,155.63,synthetic_split
BRONG AHAFO,BRONG_AHAFO_farm_5,MAIZE,89376.01,89.38,synthetic_split
BRONG AHAFO,BRONG_AHAFO_farm_1,RICE,1649.44,1.65,synthetic_split
BRONG AHAFO,BRONG_AHAFO_farm_2,RICE,529.54,0.53,synthetic_split
BRONG AHAFO,BRONG_AHAFO_farm_3,RICE,635.86,0.64,synthetic_split
BRONG AHAFO,BRONG_AHAFO_farm_4,RICE,3188.0,3.19,synthetic_split
BRONG AHAFO,BRONG_AHAFO_farm_5,RICE,156.92,0.5,synthetic_split
BRONG AHAFO,BRONG_AHAFO_farm_1,SORGHUM,78.71,0.5,synthetic_split
BRONG AHAFO,BRONG_AHAFO_farm_2,SORGHUM,98.72,0.5,synthetic_split
BRONG AHAFO,BRONG_AHAFO_farm_3,SORGHUM,165.69,0.5,synthetic_split
BRONG AHAFO,BRONG_AHAFO_farm_4,SORGHUM,198.23,0.5,synthetic_split
BRONG AHAFO,BRONG_AHAFO_farm_5,SORGHUM,166.74,0.5,synthetic_split
BRONG AHAFO,BRONG_AHAFO_farm_1,CASSAVA,98666.97,98.67,synthetic_split
BRONG AHAFO,BRONG_AHAFO_farm_2,CASSAVA,285821.01,285.82,synthetic_split
BRONG AHAFO,BRONG_AHAFO_farm_3,CASSAVA,989526.02,989.53,synthetic_split
BRONG AHAFO,BRONG_AHAFO_farm_4,CASSAVA,747889.16,747.89,synthetic_split
BRONG AHAFO,BRONG_AHAFO_farm_5,CASSAVA,761449.41,761.45,synthetic_split
BRONG AHAFO,BRONG_AHAFO_farm_1,YAM,607020.1,607.02,synthetic_split
BRONG AHAFO,BRONG_AHAFO_farm_2,YAM,690980.63,690.98,synthetic_split
BRONG AHAFO,BRONG_AHAFO_farm_3,YAM,52630.33,52.63,synthetic_split
BRONG AHAFO,BRONG_AHAFO_farm_4,YAM,332046.52,332.05,synthetic_split
BRONG AHAFO,BRONG_AHAFO_farm_5,YAM,488663.7,488.66,synthetic_split
BRONG AHAFO,BRONG_AHAFO_farm_1,COCOYAM,34181.14,34.18,synthetic_split
BRONG AHAFO,BRONG_AHAFO_farm_2,COCOYAM,85284.98,85.28,synthetic_split
BRONG AHAFO,BRONG_AHAFO_farm_3,COCOYAM,48735.6,48.74,synthetic_split
BRONG AHAFO,BRONG_AHAFO_farm_4,COCOYAM,77624.66,77.62,synthetic_split
BRONG AHAFO,BRONG_AHAFO_farm_5,COCOYAM,86046.11,86.05,synthetic_split
BRONG AHAFO,BRONG_AHAFO_farm_1,PLANTAIN,166954.67,166.95,synthetic_split
BRONG AHAFO,BRONG_AHAFO_farm_2,PLANTAIN,300825.2,300.83,synthetic_split
BRONG AHAFO,BRONG_AHAFO_farm_3,PLANTAIN,194185.3,194.19,synthetic_split
BRONG AHAFO,BRONG_AHAFO_farm_4,PLANTAIN,281219.62,281.22,synthetic_split
BRONG AHAFO,BRONG_AHAFO_farm_5,PLANTAIN,112646.96,112.65,synthetic_split
BRONG AHAFO,BRONG_AHAFO_farm_1,G'NUTS,2786.94,2.79,synthetic_split
BRONG AHAFO,BRONG_AHAFO_farm_2,G'NUTS,2969.04,2.97,synthetic_split
BRONG AHAFO,BRONG_AHAFO_farm_3,G'NUTS,586.53,0.59,synthetic_split
BRONG AHAFO,BRONG_AHAFO_farm_4,G'NUTS,2226.75,2.23,synthetic_split
BRONG AHAFO,BRONG_AHAFO_farm_5,G'NUTS,5125.25,5.13,synthetic_split
BRONG AHAFO,BRONG_AHAFO_farm_1,COWPEA,3368.0,3.37,synthetic_split
BRONG AHAFO,BRONG_AHAFO_farm_2,COWPEA,947.7,0.95,synthetic_split
BRONG AHAFO,BRONG_AHAFO_farm_3,COWPEA,1809.15,1.81,synthetic_split
BRONG AHAFO,BRONG_AHAFO_farm_4,COWPEA,1022.97,1.02,synthetic_split
BRONG AHAFO,BRONG_AHAFO_farm_5,COWPEA,132.53,0.5,synthetic_split
NORTHERN,NORTHERN_farm_1,MAIZE,78039.81,78.04,synthetic_split
NORTHERN,NORTHERN_farm_2,MAIZE,37713.75,37.71,synthetic_split
NORTHERN,NORTHERN_farm_3,MAIZE,25877.09,25.88,synthetic_split
NORTHERN,NORTHERN_farm_4,MAIZE,50357.99,50.36,synthetic_split
NORTHERN,NORTHERN_farm_5,MAIZE,615.46,0.62,synthetic_split
NORTHERN,NORTHERN_farm_1,RICE,14803.71,14.8,synthetic_split
NORTHERN,NORTHERN_farm_2,RICE,37434.08,37.43,synthetic_split
NORTHERN,NORTHERN_farm_3,RICE,33746.03,33.75,synthetic_split
NORTHERN,NORTHERN_farm_4,RICE,52277.75,52.28,synthetic_split
NORTHERN,NORTHERN_farm_5,RICE,33031.89,33.03,synthetic_split
NORTHERN,NORTHERN_farm_1,MILLET,9868.45,9.87,synthetic_split
NORTHERN,NORTHERN_farm_2,MILLET,15736.26,15.74,synthetic_split
NORTHERN,NORTHERN_farm_3,MILLET,18668.76,18.67,synthetic_split
NORTHERN,NORTHERN_farm_4,MILLET,14894.37,14.89,synthetic_split
NORTHERN,NORTHERN_farm_5,MILLET,19906.35,19.91,synthetic_split
NORTHERN,NORTHERN_farm_1,SORGHUM,34801.48,34.8,synthetic_split
NORTHERN,NORTHERN_farm_2,SORGHUM,38575.15,38.58,synthetic_split
NORTHERN,NORTHERN_farm_3,SORGHUM,5077.96,5.08,synthetic_split
NORTHERN,NORTHERN_farm_4,SORGHUM,32594.5,32.59,synthetic_split
NORTHERN,NORTHERN_farm_5,SORGHUM,19585.21,19.59,synthetic_split
NORTHERN,NORTHERN_farm_1,CASSAVA,213782.32,213.78,synthetic_split
NORTHERN,NORTHERN_farm_2,CASSAVA,252819.68,252.82,synthetic_split
NORTHERN,NORTHERN_farm_3,CASSAVA,374847.04,374.85,synthetic_split
NORTHERN,NORTHERN_farm_4,CASSAVA,380553.13,380.55,synthetic_split
NORTHERN,NORTHERN_farm_5,CASSAVA,111404.23,111.4,synthetic_split
NORTHERN,NORTHERN_farm_1,YAM,737637.63,737.64,synthetic_split
NORTHERN,NORTHERN_farm_2,YAM,753953.59,753.95,synthetic_split
NORTHERN,NORTHERN_farm_3,YAM,348327.03,348.33,synthetic_split
NORTHERN,NORTHERN_farm_4,YAM,124525.48,124.53,synthetic_split
NORTHERN,NORTHERN_farm_5,YAM,41163.71,41.16,synthetic_split
NORTHERN,NORTHERN_farm_1,G'NUTS,47218.63,47.22,synthetic_split
NORTHERN,NORTHERN_farm_2,G'NUTS,29746.13,29.75,synthetic_split
NORTHERN,NORTHERN_farm_3,G'NUTS,59865.27,59.87,synthetic_split
NORTHERN,NORTHERN_farm_4,G'NUTS,28244.17,28.24,synthetic_split
NORTHERN,NORTHERN_farm_5,G'NUTS,59402.21,59.4,synthetic_split
NORTHERN,NORTHERN_farm_1,COWPEA,19388.12,19.39,synthetic_split
NORTHERN,NORTHERN_farm_2,COWPEA,37388.0,37.39,synthetic_split
NORTHERN,NORTHERN_farm_3,COWPEA,3995.58,4.0,synthetic_split
NORTHERN,NORTHERN_farm_4,COWPEA,26166.14,26.17,synthetic_split
NORTHERN,NORTHERN_farm_5,COWPEA,37782.64,37.78,synthetic_split
NORTHERN,NORTHERN_farm_1,SOYABEAN,53099.45,53.1,synthetic_split
NORTHERN,NORTHERN_farm_2,SOYABEAN,47235.46,47.24,synthetic_split
NORTHERN,NORTHERN_farm_3,SOYABEAN,2122.98,2.12,synthetic_split
NORTHERN,NORTHERN_farm_4,SOYABEAN,21401.81,21.4,synthetic_split
NORTHERN,NORTHERN_farm_5,SOYABEAN,2796.43,2.8,synthetic_split
UPPER WEST,UPPER_WEST_farm_1,MAIZE,2879.26,2.88,synthetic_split
UPPER WEST,UPPER_WEST_farm_2,MAIZE,17792.24,17.79,synthetic_split
UPPER WEST,UPPER_WEST_farm_3,MAIZE,18792.18,18.79,synthetic_split
UPPER WEST,UPPER_WEST_farm_4,MAIZE,20385.18,20.39,synthetic_split
UPPER WEST,UPPER_WEST_farm_5,MAIZE,22802.14,22.8,synthetic_split
UPPER WEST,UPPER_WEST_farm_1,RICE,1973.31,1.97,synthetic_split
UPPER WEST,UPPER_WEST_farm_2,RICE,2137.27,2.14,synthetic_split
UPPER WEST,UPPER_WEST_farm_3,RICE,130.67,0.5,synthetic_split
UPPER WEST,UPPER_WEST_farm_4,RICE,625.9,0.63,synthetic_split
UPPER WEST,UPPER_WEST_farm_5,RICE,1659.65,1.66,synthetic_split
UPPER WEST,UPPER_WEST_farm_1,MILLET,22368.39,22.37,synthetic_split
UPPER WEST,UPPER_WEST_farm_2,MILLET,117.3,0.5,synthetic_split
UPPER WEST,UPPER_WEST_farm_3,MILLET,13414.63,13.41,synthetic_split
UPPER WEST,UPPER_WEST_farm_4,MILLET,17654.57,17.65,synthetic_split
UPPER WEST,UPPER_WEST_farm_5,MILLET,771.76,0.77,synthetic_split
UPPER WEST,UPPER_WEST_farm_1,SORGHUM,10605.97,10.61,synthetic_split
UPPER WEST,UPPER_WEST_farm_2,SORGHUM,23667.48,23.67,synthetic_split
UPPER WEST,UPPER_WEST_farm_3,SORGHUM,17747.61,17.75,synthetic_split
UPPER WEST,UPPER_WEST_farm_4,SORGHUM,6280.21,6.28,synthetic_split
UPPER WEST,UPPER_WEST_farm_5,SORGHUM,22535.05,22.54,synthetic_split
UPPER WEST,UPPER_WEST_farm_1,YAM,4502.85,4.5,synthetic_split
UPPER WEST,UPPER_WEST_farm_2,YAM,11040.62,11.04,synthetic_split
UPPER WEST,UPPER_WEST_farm_3,YAM,3867.75,3.87,synthetic_split
UPPER WEST,UPPER_WEST_farm_4,YAM,7637.59,7.64,synthetic_split
UPPER WEST,UPPER_WEST_farm_5,YAM,5135.63,5.14,synthetic_split
UPPER WEST,UPPER_WEST_farm_1,G'NUTS,25113.51,25.11,synthetic_split
UPPER WEST,UPPER_WEST_farm_2,G'NUTS,81013.61,81.01,synthetic_split
UPPER WEST,UPPER_WEST_farm_3,G'NUTS,17142.31,17.14,synthetic_split
UPPER WEST,UPPER_WEST_farm_4,G'NUTS,7750.08,7.75,synthetic_split
UPPER WEST,UPPER_WEST_farm_5,G'NUTS,31245.28,31.25,synthetic_split
UPPER WEST,UPPER_WEST_farm_1,COWPEA,18895.43,18.9,synthetic_split
UPPER WEST,UPPER_WEST_farm_2,COWPEA,21259.66,21.26,synthetic_split
UPPER WEST,UPPER_WEST_farm_3,COWPEA,26296.9,26.3,synthetic_split
UPPER WEST,UPPER_WEST_farm_4,COWPEA,7803.21,7.8,synthetic_split
UPPER WEST,UPPER_WEST_farm_5,COWPEA,10741.11,10.74,synthetic_split
UPPER WEST,UPPER_WEST_farm_1,SOYABEAN,807.45,0.81,synthetic_split
UPPER WEST,UPPER_WEST_farm_2,SOYABEAN,3392.59,3.39,synthetic_split
UPPER WEST,UPPER_WEST_farm_3,SOYABEAN,5887.19,5.89,synthetic_split
UPPER WEST,UPPER_WEST_farm_4,SOYABEAN,4136.23,4.14,synthetic_split
UPPER WEST,UPPER_WEST_farm_5,SOYABEAN,3512.63,3.51,synthetic_split
UPPER EAST,UPPER_EAST_farm_1,MAIZE,12817.11,12.82,synthetic_split
UPPER EAST,UPPER_EAST_farm_2,MAIZE,29899.09,29.9,synthetic_split
UPPER EAST,UPPER_EAST_farm_3,MAIZE,16232.25,16.23,synthetic_split
UPPER EAST,UPPER_EAST_farm_4,MAIZE,4389.22,4.39,synthetic_split
UPPER EAST,UPPER_EAST_farm_5,MAIZE,11935.43,11.94,synthetic_split
UPPER EAST,UPPER_EAST_farm_1,RICE,5348.12,5.35,synthetic_split
UPPER EAST,UPPER_EAST_farm_2,RICE,16082.51,16.08,synthetic_split
UPPER EAST,UPPER_EAST_farm_3,RICE,1406.87,1.41,synthetic_split
UPPER EAST,UPPER_EAST_farm_4,RICE,36092.25,36.09,synthetic_split
UPPER EAST,UPPER_EAST_farm_5,RICE,50525.04,50.53,synthetic_split
UPPER EAST,UPPER_EAST_farm_1,MILLET,5751.07,5.75,synthetic_split
UPPER EAST,UPPER_EAST_farm_2,MILLET,7042.52,7.04,synthetic_split
UPPER EAST,UPPER_EAST_farm_3,MILLET,16069.32,16.07,synthetic_split
UPPER EAST,UPPER_EAST_farm_4,MILLET,12597.39,12.6,synthetic_split
UPPER EAST,UPPER_EAST_farm_5,MILLET,9060.8,9.06,synthetic_split
UPPER EAST,UPPER_EAST_farm_1,SORGHUM,7464.36,7.46,synthetic_split
UPPER EAST,UPPER_EAST_farm_2,SORGHUM,23530.92,23.53,synthetic_split
UPPER EAST,UPPER_EAST_farm_3,SORGHUM,6167.3,6.17,synthetic_split
UPPER EAST,UPPER_EAST_farm_4,SORGHUM,8534.72,8.53,synthetic_split
UPPER EAST,UPPER_EAST_farm_5,SORGHUM,23847.5,23.85,synthetic_split
UPPER EAST,UPPER_EAST_farm_1,G'NUTS,10631.36,10.63,synthetic_split
UPPER EAST,UPPER_EAST_farm_2,G'NUTS,14903.17,14.9,synthetic_split
UPPER EAST,UPPER_EAST_farm_3,G'NUTS,11860.1,11.86,synthetic_split
UPPER EAST,UPPER_EAST_farm_4,G'NUTS,13118.79,13.12,synthetic_split
UPPER EAST,UPPER_EAST_farm_5,G'NUTS,6010.58,6.01,synthetic_split
UPPER EAST,UPPER_EAST_farm_1,COWPEA,2046.08,2.05,synthetic_split
UPPER EAST,UPPER_EAST_farm_2,COWPEA,2733.73,2.73,synthetic_split
UPPER EAST,UPPER_EAST_farm_3,COWPEA,1317.66,1.32,synthetic_split
UPPER EAST,UPPER_EAST_farm_4,COWPEA,7411.47,7.41,synthetic_split
UPPER EAST,UPPER_EAST_farm_5,COWPEA,2401.05,2.4,synthetic_split
UPPER EAST,UPPER_EAST_farm_1,SOYABEAN,2781.27,2.78,synthetic_split
UPPER EAST,UPPER_EAST_farm_2,SOYABEAN,3922.96,3.92,synthetic_split
UPPER EAST,UPPER_EAST_farm_3,SOYABEAN,3882.58,3.88,synthetic_split
UPPER EAST,UPPER_EAST_farm_4,SOYABEAN,2171.5,2.17,synthetic_split
UPPER EAST,UPPER_EAST_farm_5,SOYABEAN,2359.09,2.36,synthetic_split
WESTERN,WESTERN_farm_1,MAIZE,0.27,0.5,synthetic_split
WESTERN,WESTERN_farm_2,MAIZE,0.18,0.5,synthetic_split
WESTERN,WESTERN_farm_3,MAIZE,0.22,0.5,synthetic_split
WESTERN,WESTERN_farm_4,MAIZE,0.24,0.5,synthetic_split
WESTERN,WESTERN_farm_5,MAIZE,0.21,0.5,synthetic_split
WESTERN,WESTERN_farm_1,RICE,0.09,0.5,synthetic_split
WESTERN,WESTERN_farm_2,RICE,0.28,0.5,synthetic_split
WESTERN,WESTERN_farm_3,RICE,0.05,0.5,synthetic_split
WESTERN,WESTERN_farm_4,RICE,0.32,0.5,synthetic_split
WESTERN,WESTERN_farm_5,RICE,0.47,0.5,synthetic_split
WESTERN,WESTERN_farm_1,CASSAVA,1.91,0.5,synthetic_split
WESTERN,WESTERN_farm_2,CASSAVA,1.61,0.5,synthetic_split
WESTERN,WESTERN_farm_3,CASSAVA,0.13,0.5,synthetic_split
WESTERN,WESTERN_farm_4,CASSAVA,3.57,0.5,synthetic_split
WESTERN,WESTERN_farm_5,CASSAVA,0.38,0.5,synthetic_split
WESTERN,WESTERN_farm_1,YAM,0.15,0.5,synthetic_split
WESTERN,WESTERN_farm_2,YAM,0.91,0.5,synthetic_split
WESTERN,WESTERN_farm_3,YAM,0.24,0.5,synthetic_split
WESTERN,WESTERN_farm_4,YAM,1.68,0.5,synthetic_split
WESTERN,WESTERN_farm_5,YAM,1.91,0.5,synthetic_split
WESTERN,WESTERN_farm_1,COCOYAM,1.66,0.5,synthetic_split
WESTERN,WESTERN_farm_2,COCOYAM,0.27,0.5,synthetic_split
WESTERN,WESTERN_farm_3,COCOYAM,0.59,0.5,synthetic_split
WESTERN,WESTERN_farm_4,COCOYAM,2.05,0.5,synthetic_split
WESTERN,WESTERN_farm_5,COCOYAM,0.32,0.5,synthetic_split
WESTERN,WESTERN_farm_1,PLANTAIN,3.11,0.5,synthetic_split
WESTERN,WESTERN_farm_2,PLANTAIN,0.92,0.5,synthetic_split
WESTERN,WESTERN_farm_3,PLANTAIN,1.34,0.5,synthetic_split
WESTERN,WESTERN_farm_4,PLANTAIN,1.75,0.5,synthetic_split
WESTERN,WESTERN_farm_5,PLANTAIN,1.85,0.5,synthetic_split
CENTRAL ,CENTRAL__farm_1,MAIZE,0.0,0.5,synthetic_split
CENTRAL ,CENTRAL__farm_2,MAIZE,0.15,0.5,synthetic_split
CENTRAL ,CENTRAL__farm_3,MAIZE,1.12,0.5,synthetic_split
CENTRAL ,CENTRAL__farm_4,MAIZE,0.0,0.5,synthetic_split
CENTRAL ,CENTRAL__farm_5,MAIZE,0.66,0.5,synthetic_split
CENTRAL ,CENTRAL__farm_1,RICE,0.21,0.5,synthetic_split
CENTRAL ,CENTRAL__farm_2,RICE,0.14,0.5,synthetic_split
CENTRAL ,CENTRAL__farm_3,RICE,0.19,0.5,synthetic_split
CENTRAL ,CENTRAL__farm_4,RICE,0.34,0.5,synthetic_split
CENTRAL ,CENTRAL__farm_5,RICE,0.36,0.5,synthetic_split
CENTRAL ,CENTRAL__farm_1,CASSAVA,2.12,0.5,synthetic_split
CENTRAL ,CENTRAL__farm_2,CASSAVA,2.62,0.5,synthetic_split
CENTRAL ,CENTRAL__farm_3,CASSAVA,1.97,0.5,synthetic_split
CENTRAL ,CENTRAL__farm_4,CASSAVA,3.9,0.5,synthetic_split
CENTRAL ,CENTRAL__farm_5,CASSAVA,5.56,0.5,synthetic_split
CENTRAL ,CENTRAL__farm_1,YAM,0.64,0.5,synthetic_split
CENTRAL ,CENTRAL__farm_2,YAM,0.92,0.5,synthetic_split
CENTRAL ,CENTRAL__farm_3,YAM,2.6,0.5,synthetic_split
CENTRAL ,CENTRAL__farm_4,YAM,0.14,0.5,synthetic_split
CENTRAL ,CENTRAL__farm_5,YAM,1.29,0.5,synthetic_split
CENTRAL ,CENTRAL__farm_1,COCOYAM,2.14,0.5,synthetic_split
CENTRAL ,CENTRAL__farm_2,COCOYAM,0.45,0.5,synthetic_split
CENTRAL ,CENTRAL__farm_3,COCOYAM,0.14,0.5,synthetic_split
CENTRAL ,CENTRAL__farm_4,COCOYAM,0.42,0.5,synthetic_split
CENTRAL ,CENTRAL__farm_5,COCOYAM,2.76,0.5,synthetic_split
CENTRAL ,CENTRAL__farm_1,PLANTAIN,0.09,0.5,synthetic_split
CENTRAL ,CENTRAL__farm_2,PLANTAIN,1.75,0.5,synthetic_split
CENTRAL ,CENTRAL__farm_3,PLANTAIN,0.29,0.5,synthetic_split
CENTRAL ,CENTRAL__farm_4,PLANTAIN,1.03,0.5,synthetic_split
CENTRAL ,CENTRAL__farm_5,PLANTAIN,5.76,0.5,synthetic_split
EASTERN ,EASTERN__farm_1,MAIZE,0.22,0.5,synthetic_split
EASTERN ,EASTERN__farm_2,MAIZE,0.53,0.5,synthetic_split
EASTERN ,EASTERN__farm_3,MAIZE,0.55,0.5,synthetic_split
EASTERN ,EASTERN__farm_4,MAIZE,0.79,0.5,synthetic_split
EASTERN ,EASTERN__farm_5,MAIZE,0.0,0.5,synthetic_split
EASTERN ,EASTERN__farm_1,RICE,0.88,0.5,synthetic_split
EASTERN ,EASTERN__farm_2,RICE,0.64,0.5,synthetic_split
EASTERN ,EASTERN__farm_3,RICE,0.17,0.5,synthetic_split
EASTERN ,EASTERN__farm_4,RICE,0.79,0.5,synthetic_split
EASTERN ,EASTERN__farm_5,RICE,0.88,0.5,synthetic_split
EASTERN ,EASTERN__farm_1,CASSAVA,1.64,0.5,synthetic_split
EASTERN ,EASTERN__farm_2,CASSAVA,5.92,0.5,synthetic_split
EASTERN ,EASTERN__farm_3,CASSAVA,2.93,0.5,synthetic_split
EASTERN ,EASTERN__farm_4,CASSAVA,3.89,0.5,synthetic_split
EASTERN ,EASTERN__farm_5,CASSAVA,6.35,0.5,synthetic_split
EASTERN ,EASTERN__farm_1,YAM,2.18,0.5,synthetic_split
EASTERN ,EASTERN__farm_2,YAM,4.9,0.5,synthetic_split
EASTERN ,EASTERN__farm_3,YAM,1.92,0.5,synthetic_split
EASTERN ,EASTERN__farm_4,YAM,4.81,0.5,synthetic_split
EASTERN ,EASTERN__farm_5,YAM,3.62,0.5,synthetic_split
EASTERN ,EASTERN__farm_1,COCOYAM,1.67,0.5,synthetic_split
EASTERN ,EASTERN__farm_2,COCOYAM,3.2,0.5,synthetic_split
EASTERN ,EASTERN__farm_3,COCOYAM,2.46,0.5,synthetic_split
EASTERN ,EASTERN__farm_4,COCOYAM,0.6,0.5,synthetic_split
EASTERN ,EASTERN__farm_5,COCOYAM,0.23,0.5,synthetic_split
EASTERN ,EASTERN__farm_1,PLANTAIN,1.78,0.5,synthetic_split
EASTERN ,EASTERN__farm_2,PLANTAIN,0.1,0.5,synthetic_split
EASTERN ,EASTERN__farm_3,PLANTAIN,0.85,0.5,synthetic_split
EASTERN ,EASTERN__farm_4,PLANTAIN,3.72,0.5,synthetic_split
EASTERN ,EASTERN__farm_5,PLANTAIN,3.63,0.5,synthetic_split
GREATER ACCRA,GREATER_ACCRA_farm_1,MAIZE,0.31,0.5,synthetic_split
GREATER ACCRA,GREATER_ACCRA_farm_2,MAIZE,0.14,0.5,synthetic_split
GREATER ACCRA,GREATER_ACCRA_farm_3,MAIZE,0.38,0.5,synthetic_split
GREATER ACCRA,GREATER_ACCRA_farm_4,MAIZE,0.25,0.5,synthetic_split
GREATER ACCRA,GREATER_ACCRA_farm_5,MAIZE,0.05,0.5,synthetic_split
GREATER ACCRA,GREATER_ACCRA_farm_1,RICE,0.37,0.5,synthetic_split
GREATER ACCRA,GREATER_ACCRA_farm_2,RICE,1.78,0.5,synthetic_split
GREATER ACCRA,GREATER_ACCRA_farm_3,RICE,0.44,0.5,synthetic_split
GREATER ACCRA,GREATER_ACCRA_farm_4,RICE,1.3,0.5,synthetic_split
GREATER ACCRA,GREATER_ACCRA_farm_5,RICE,2.55,0.5,synthetic_split
GREATER ACCRA,GREATER_ACCRA_farm_1,CASSAVA,0.02,0.5,synthetic_split
GREATER ACCRA,GREATER_ACCRA_farm_2,CASSAVA,0.1,0.5,synthetic_split
GREATER ACCRA,GREATER_ACCRA_farm_3,CASSAVA,6.14,0.5,synthetic_split
GREATER ACCRA,GREATER_ACCRA_farm_4,CASSAVA,3.61,0.5,synthetic_split
GREATER ACCRA,GREATER_ACCRA_farm_5,CASSAVA,0.78,0.5,synthetic_split
VOLTA,VOLTA_farm_1,MAIZE,0.51,0.5,synthetic_split
VOLTA,VOLTA_farm_2,MAIZE,0.5,0.5,synthetic_split
VOLTA,VOLTA_farm_3,MAIZE,0.3,0.5,synthetic_split
VOLTA,VOLTA_farm_4,MAIZE,0.35,0.5,synthetic_split
VOLTA,VOLTA_farm_5,MAIZE,0.15,0.5,synthetic_split
VOLTA,VOLTA_farm_1,RICE,0.07,0.5,synthetic_split
VOLTA,VOLTA_farm_2,RICE,0.81,0.5,synthetic_split
VOLTA,VOLTA_farm_3,RICE,0.4,0.5,synthetic_split
VOLTA,VOLTA_farm_4,RICE,0.9,0.5,synthetic_split
VOLTA,VOLTA_farm_5,RICE,1.14,0.5,synthetic_split
VOLTA,VOLTA_farm_1,SORGHUM,0.01,0.5,synthetic_split
VOLTA,VOLTA_farm_2,SORGHUM,0.37,0.5,synthetic_split
VOLTA,VOLTA_farm_3,SORGHUM,0.14,0.5,synthetic_split
VOLTA,VOLTA_farm_4,SORGHUM,0.54,0.5,synthetic_split
VOLTA,VOLTA_farm_5,SORGHUM,0.16,0.5,synthetic_split
VOLTA,VOLTA_farm_1,CASSAVA,3.25,0.5,synthetic_split
VOLTA,VOLTA_farm_2,CASSAVA,2.95,0.5,synthetic_split
VOLTA,VOLTA_farm_3,CASSAVA,2.11,0.5,synthetic_split
VOLTA,VOLTA_farm_4,CASSAVA,3.61,0.5,synthetic_split
VOLTA,VOLTA_farm_5,CASSAVA,3.87,0.5,synthetic_split
VOLTA,VOLTA_farm_1,YAM,2.73,0.5,synthetic_split
VOLTA,VOLTA_farm_2,YAM,3.65,0.5,synthetic_split
VOLTA,VOLTA_farm_3,YAM,4.73,0.5,synthetic_split
VOLTA,VOLTA_farm_4,YAM,2.02,0.5,synthetic_split
VOLTA,VOLTA_farm_5,YAM,2.48,0.5,synthetic_split
VOLTA,VOLTA_farm_1,COCOYAM,0.05,0.5,synthetic_split
VOLTA,VOLTA_farm_2,COCOYAM,3.42,0.5,synthetic_split
VOLTA,VOLTA_farm_3,COCOYAM,2.23,0.5,synthetic_split
VOLTA,VOLTA_farm_4,COCOYAM,1.75,0.5,synthetic_split
VOLTA,VOLTA_farm_5,COCOYAM,0.4,0.5,synthetic_split
VOLTA,VOLTA_farm_1,PLANTAIN,2.29,0.5,synthetic_split
VOLTA,VOLTA_farm_2,PLANTAIN,1.02,0.5,synthetic_split
VOLTA,VOLTA_farm_3,PLANTAIN,1.76,0.5,synthetic_split
VOLTA,VOLTA_farm_4,PLANTAIN,0.38,0.5,synthetic_split
VOLTA,VOLTA_farm_5,PLANTAIN,2.47,0.5,synthetic_split
VOLTA,VOLTA_farm_1,COWPEA,0.05,0.5,synthetic_split
VOLTA,VOLTA_farm_2,COWPEA,0.06,0.5,synthetic_split
VOLTA,VOLTA_farm_3,COWPEA,0.26,0.5,synthetic_split
VOLTA,VOLTA_farm_4,COWPEA,0.27,0.5,synthetic_split
VOLTA,VOLTA_farm_5,COWPEA,0.06,0.5,synthetic_split
VOLTA,VOLTA_farm_1,SOYABEAN,0.18,0.5,synthetic_split
VOLTA,VOLTA_farm_2,SOYABEAN,0.28,0.5,synthetic_split
VOLTA,VOLTA_farm_3,SOYABEAN,0.34,0.5,synthetic_split
VOLTA,VOLTA_farm_4,SOYABEAN,0.15,0.5,synthetic_split
VOLTA,VOLTA_farm_5,SOYABEAN,0.2,0.5,synthetic_split
ASHANTI,ASHANTI_farm_1,MAIZE,0.29,0.5,synthetic_split
ASHANTI,ASHANTI_farm_2,MAIZE,0.28,0.5,synthetic_split
ASHANTI,ASHANTI_farm_3,MAIZE,0.3,0.5,synthetic_split
ASHANTI,ASHANTI_farm_4,MAIZE,0.22,0.5,synthetic_split
ASHANTI,ASHANTI_farm_5,MAIZE,0.04,0.5,synthetic_split
ASHANTI,ASHANTI_farm_1,RICE,0.85,0.5,synthetic_split
ASHANTI,ASHANTI_farm_2,RICE,0.81,0.5,synthetic_split
ASHANTI,ASHANTI_farm_3,RICE,0.75,0.5,synthetic_split
ASHANTI,ASHANTI_farm_4,RICE,0.09,0.5,synthetic_split
ASHANTI,ASHANTI_farm_5,RICE,0.19,0.5,synthetic_split
ASHANTI,ASHANTI_farm_1,CASSAVA,4.09,0.5,synthetic_split
ASHANTI,ASHANTI_farm_2,CASSAVA,0.13,0.5,synthetic_split
ASHANTI,ASHANTI_farm_3,CASSAVA,5.39,0.5,synthetic_split
ASHANTI,ASHANTI_farm_4,CASSAVA,2.07,0.5,synthetic_split
ASHANTI,ASHANTI_farm_5,CASSAVA,3.96,0.5,synthetic_split
ASHANTI,ASHANTI_farm_1,YAM,4.41,0.5,synthetic_split
ASHANTI,ASHANTI_farm_2,YAM,1.96,0.5,synthetic_split
ASHANTI,ASHANTI_farm_3,YAM,1.59,0.5,synthetic_split
ASHANTI,ASHANTI_farm_4,YAM,3.03,0.5,synthetic_split
ASHANTI,ASHANTI_farm_5,YAM,2.89,0.5,synthetic_split
ASHANTI,ASHANTI_farm_1,COCOYAM,0.94,0.5,synthetic_split
ASHANTI,ASHANTI_farm_2,COCOYAM,1.39,0.5,synthetic_split
ASHANTI,ASHANTI_farm_3,COCOYAM,2.15,0.5,synthetic_split
ASHANTI,ASHANTI_farm_4,COCOYAM,1.08,0.5,synthetic_split
ASHANTI,ASHANTI_farm_5,COCOYAM,0.45,0.5,synthetic_split
ASHANTI,ASHANTI_farm_1,PLANTAIN,2.19,0.5,synthetic_split
ASHANTI,ASHANTI_farm_2,PLANTAIN,2.29,0.5,synthetic_split
ASHANTI,ASHANTI_farm_3,PLANTAIN,0.76,0.5,synthetic_split
ASHANTI,ASHANTI_farm_4,PLANTAIN,0.95,0.5,synthetic_split
ASHANTI,ASHANTI_farm_5,PLANTAIN,3.97,0.5,synthetic_split
ASHANTI,ASHANTI_farm_1,G'NUTS,0.18,0.5,synthetic_split
ASHANTI,ASHANTI_farm_2,G'NUTS,0.52,0.5,synthetic_split
ASHANTI,ASHANTI_farm_3,G'NUTS,0.13,0.5,synthetic_split
ASHANTI,ASHANTI_farm_4,G'NUTS,0.05,0.5,synthetic_split
ASHANTI,ASHANTI_farm_5,G'NUTS,0.41,0.5,synthetic_split
ASHANTI,ASHANTI_farm_1,COWPEA,0.12,0.5,synthetic_split
ASHANTI,ASHANTI_farm_2,COWPEA,0.04,0.5,synthetic_split
ASHANTI,ASHANTI_farm_3,COWPEA,0.03,0.5,synthetic_split
ASHANTI,ASHANTI_farm_4,COWPEA,0.03,0.5,synthetic_split
ASHANTI,ASHANTI_farm_5,COWPEA,0.07,0.5,synthetic_split
BRONG AHAFO,BRONG_AHAFO_farm_1,MAIZE,0.39,0.5,synthetic_split
BRONG AHAFO,BRONG_AHAFO_farm_2,MAIZE,0.22,0.5,synthetic_split
BRONG AHAFO,BRONG_AHAFO_farm_3,MAIZE,0.04,0.5,synthetic_split
BRONG AHAFO,BRONG_AHAFO_farm_4,MAIZE,0.4,0.5,synthetic_split
BRONG AHAFO,BRONG_AHAFO_farm_5,MAIZE,0.8,0.5,synthetic_split
BRONG AHAFO,BRONG_AHAFO_farm_1,RICE,0.58,0.5,synthetic_split
BRONG AHAFO,BRONG_AHAFO_farm_2,RICE,0.44,0.5,synthetic_split
BRONG AHAFO,BRONG_AHAFO_farm_3,RICE,0.1,0.5,synthetic_split
BRONG AHAFO,BRONG_AHAFO_farm_4,RICE,0.22,0.5,synthetic_split
BRONG AHAFO,BRONG_AHAFO_farm_5,RICE,0.26,0.5,synthetic_split
BRONG AHAFO,BRONG_AHAFO_farm_1,SORGHUM,0.19,0.5,synthetic_split
BRONG AHAFO,BRONG_AHAFO_farm_2,SORGHUM,0.22,0.5,synthetic_split
BRONG AHAFO,BRONG_AHAFO_farm_3,SORGHUM,0.22,0.5,synthetic_split
BRONG AHAFO,BRONG_AHAFO_farm_4,SORGHUM,0.25,0.5,synthetic_split
BRONG AHAFO,BRONG_AHAFO_farm_5,SORGHUM,0.24,0.5,synthetic_split
BRONG AHAFO,BRONG_AHAFO_farm_1,CASSAVA,7.36,0.5,synthetic_split
BRONG AHAFO,BRONG_AHAFO_farm_2,CASSAVA,0.55,0.5,synthetic_split
BRONG AHAFO,BRONG_AHAFO_farm_3,CASSAVA,1.06,0.5,synthetic_split
BRONG AHAFO,BRONG_AHAFO_farm_4,CASSAVA,2.35,0.5,synthetic_split
BRONG AHAFO,BRONG_AHAFO_farm_5,CASSAVA,4.27,0.5,synthetic_split
BRONG AHAFO,BRONG_AHAFO_farm_1,YAM,0.74,0.5,synthetic_split
BRONG AHAFO,BRONG_AHAFO_farm_2,YAM,6.46,0.5,synthetic_split
BRONG AHAFO,BRONG_AHAFO_farm_3,YAM,4.71,0.5,synthetic_split
BRONG AHAFO,BRONG_AHAFO_farm_4,YAM,4.14,0.5,synthetic_split
BRONG AHAFO,BRONG_AHAFO_farm_5,YAM,1.26,0.5,synthetic_split
BRONG AHAFO,BRONG_AHAFO_farm_1,COCOYAM,0.66,0.5,synthetic_split
BRONG AHAFO,BRONG_AHAFO_farm_2,COCOYAM,0.42,0.5,synthetic_split
BRONG AHAFO,BRONG_AHAFO_farm_3,COCOYAM,2.22,0.5,synthetic_split
BRONG AHAFO,BRONG_AHAFO_farm_4,COCOYAM,1.52,0.5,synthetic_split
BRONG AHAFO,BRONG_AHAFO_farm_5,COCOYAM,1.92,0.5,synthetic_split
BRONG AHAFO,BRONG_AHAFO_farm_1,PLANTAIN,1.65,0.5,synthetic_split
BRONG AHAFO,BRONG_AHAFO_farm_2,PLANTAIN,2.06,0.5,synthetic_split
BRONG AHAFO,BRONG_AHAFO_farm_3,PLANTAIN,2.25,0.5,synthetic_split
BRONG AHAFO,BRONG_AHAFO_farm_4,PLANTAIN,4.23,0.5,synthetic_split
BRONG AHAFO,BRONG_AHAFO_farm_5,PLANTAIN,4.29,0.5,synthetic_split
BRONG AHAFO,BRONG_AHAFO_farm_1,G'NUTS,0.11,0.5,synthetic_split
BRONG AHAFO,BRONG_AHAFO_farm_2,G'NUTS,0.49,0.5,synthetic_split
BRONG AHAFO,BRONG_AHAFO_farm_3,G'NUTS,0.06,0.5,synthetic_split
BRONG AHAFO,BRONG_AHAFO_farm_4,G'NUTS,0.46,0.5,synthetic_split
BRONG AHAFO,BRONG_AHAFO_farm_5,G'NUTS,0.05,0.5,synthetic_split
BRONG AHAFO,BRONG_AHAFO_farm_1,COWPEA,0.12,0.5,synthetic_split
BRONG AHAFO,BRONG_AHAFO_farm_2,COWPEA,0.37,0.5,synthetic_split
BRONG AHAFO,BRONG_AHAFO_farm_3,COWPEA,0.08,0.5,synthetic_split
BRONG AHAFO,BRONG_AHAFO_farm_4,COWPEA,0.18,0.5,synthetic_split
BRONG AHAFO,BRONG_AHAFO_farm_5,COWPEA,0.2,0.5,synthetic_split
NORTHERN,NORTHERN_farm_1,MAIZE,0.12,0.5,synthetic_split
NORTHERN,NORTHERN_farm_2,MAIZE,0.34,0.5,synthetic_split
NORTHERN,NORTHERN_farm_3,MAIZE,0.4,0.5,synthetic_split
NORTHERN,NORTHERN_farm_4,MAIZE,0.41,0.5,synthetic_split
NORTHERN,NORTHERN_farm_5,MAIZE,0.16,0.5,synthetic_split
NORTHERN,NORTHERN_farm_1,RICE,0.58,0.5,synthetic_split
NORTHERN,NORTHERN_farm_2,RICE,0.27,0.5,synthetic_split
NORTHERN,NORTHERN_farm_3,RICE,0.27,0.5,synthetic_split
NORTHERN,NORTHERN_farm_4,RICE,0.18,0.5,synthetic_split
NORTHERN,NORTHERN_farm_5,RICE,1.03,0.5,synthetic_split
NORTHERN,NORTHERN_farm_1,MILLET,0.4,0.5,synthetic_split
NORTHERN,NORTHERN_farm_2,MILLET,0.35,0.5,synthetic_split
NORTHERN,NORTHERN_farm_3,MILLET,0.23,0.5,synthetic_split
NORTHERN,NORTHERN_farm_4,MILLET,0.22,0.5,synthetic_split
NORTHERN,NORTHERN_farm_5,MILLET,0.24,0.5,synthetic_split
NORTHERN,NORTHERN_farm_1,SORGHUM,0.45,0.5,synthetic_split
NORTHERN,NORTHERN_farm_2,SORGHUM,0.37,0.5,synthetic_split
NORTHERN,NORTHERN_farm_3,SORGHUM,0.11,0.5,synthetic_split
NORTHERN,NORTHERN_farm_4,SORGHUM,0.11,0.5,synthetic_split
NORTHERN,NORTHERN_farm_5,SORGHUM,0.81,0.5,synthetic_split
NORTHERN,NORTHERN_farm_1,CASSAVA,3.05,0.5,synthetic_split
NORTHERN,NORTHERN_farm_2,CASSAVA,6.03,0.5,synthetic_split
NORTHERN,NORTHERN_farm_3,CASSAVA,1.03,0.5,synthetic_split
NORTHERN,NORTHERN_farm_4,CASSAVA,3.51,0.5,synthetic_split
NORTHERN,NORTHERN_farm_5,CASSAVA,1.31,0.5,synthetic_split
NORTHERN,NORTHERN_farm_1,YAM,2.23,0.5,synthetic_split
NORTHERN,NORTHERN_farm_2,YAM,0.27,0.5,synthetic_split
NORTHERN,NORTHERN_farm_3,YAM,1.05,0.5,synthetic_split
NORTHERN,NORTHERN_farm_4,YAM,8.09,0.5,synthetic_split
NORTHERN,NORTHERN_farm_5,YAM,2.84,0.5,synthetic_split
NORTHERN,NORTHERN_farm_1,G'NUTS,0.48,0.5,synthetic_split
NORTHERN,NORTHERN_farm_2,G'NUTS,0.37,0.5,synthetic_split
NORTHERN,NORTHERN_farm_3,G'NUTS,0.31,0.5,synthetic_split
NORTHERN,NORTHERN_farm_4,G'NUTS,0.42,0.5,synthetic_split
NORTHERN,NORTHERN_farm_5,G'NUTS,0.15,0.5,synthetic_split
NORTHERN,NORTHERN_farm_1,COWPEA,0.62,0.5,synthetic_split
NORTHERN,NORTHERN_farm_2,COWPEA,0.51,0.5,synthetic_split
NORTHERN,NORTHERN_farm_3,COWPEA,0.47,0.5,synthetic_split
NORTHERN,NORTHERN_farm_4,COWPEA,0.29,0.5,synthetic_split
NORTHERN,NORTHERN_farm_5,COWPEA,0.1,0.5,synthetic_split
NORTHERN,NORTHERN_farm_1,SOYABEAN,0.79,0.5,synthetic_split
NORTHERN,NORTHERN_farm_2,SOYABEAN,0.29,0.5,synthetic_split
NORTHERN,NORTHERN_farm_3,SOYABEAN,0.04,0.5,synthetic_split
NORTHERN,NORTHERN_farm_4,SOYABEAN,0.29,0.5,synthetic_split
NORTHERN,NORTHERN_farm_5,SOYABEAN,0.68,0.5,synthetic_split
UPPER WEST,UPPER_WEST_farm_1,MAIZE,0.23,0.5,synthetic_split
UPPER WEST,UPPER_WEST_farm_2,MAIZE,0.28,0.5,synthetic_split
UPPER WEST,UPPER_WEST_farm_3,MAIZE,0.29,0.5,synthetic_split
UPPER WEST,UPPER_WEST_farm_4,MAIZE,0.08,0.5,synthetic_split
UPPER WEST,UPPER_WEST_farm_5,MAIZE,0.34,0.5,synthetic_split
UPPER WEST,UPPER_WEST_farm_1,RICE,0.25,0.5,synthetic_split
UPPER WEST,UPPER_WEST_farm_2,RICE,0.37,0.5,synthetic_split
UPPER WEST,UPPER_WEST_farm_3,RICE,0.0,0.5,synthetic_split
UPPER WEST,UPPER_WEST_farm_4,RICE,0.57,0.5,synthetic_split
UPPER WEST,UPPER_WEST_farm_5,RICE,0.16,0.5,synthetic_split
UPPER WEST,UPPER_WEST_farm_1,MILLET,0.04,0.5,synthetic_split
UPPER WEST,UPPER_WEST_farm_2,MILLET,0.27,0.5,synthetic_split
UPPER WEST,UPPER_WEST_farm_3,MILLET,0.08,0.5,synthetic_split
UPPER WEST,UPPER_WEST_farm_4,MILLET,0.09,0.5,synthetic_split
UPPER WEST,UPPER_WEST_farm_5,MILLET,0.37,0.5,synthetic_split
UPPER WEST,UPPER_WEST_farm_1,SORGHUM,0.11,0.5,synthetic_split
UPPER WEST,UPPER_WEST_farm_2,SORGHUM,0.26,0.5,synthetic_split
UPPER WEST,UPPER_WEST_farm_3,SORGHUM,0.09,0.5,synthetic_split
UPPER WEST,UPPER_WEST_farm_4,SORGHUM,0.21,0.5,synthetic_split
UPPER WEST,UPPER_WEST_farm_5,SORGHUM,0.13,0.5,synthetic_split
UPPER WEST,UPPER_WEST_farm_1,YAM,3.92,0.5,synthetic_split
UPPER WEST,UPPER_WEST_farm_2,YAM,3.56,0.5,synthetic_split
UPPER WEST,UPPER_WEST_farm_3,YAM,2.81,0.5,synthetic_split
UPPER WEST,UPPER_WEST_farm_4,YAM,5.64,0.5,synthetic_split
UPPER WEST,UPPER_WEST_farm_5,YAM,2.04,0.5,synthetic_split
UPPER WEST,UPPER_WEST_farm_1,G'NUTS,0.1,0.5,synthetic_split
UPPER WEST,UPPER_WEST_farm_2,G'NUTS,0.38,0.5,synthetic_split
UPPER WEST,UPPER_WEST_farm_3,G'NUTS,0.47,0.5,synthetic_split
UPPER WEST,UPPER_WEST_farm_4,G'NUTS,0.02,0.5,synthetic_split
UPPER WEST,UPPER_WEST_farm_5,G'NUTS,0.25,0.5,synthetic_split
UPPER WEST,UPPER_WEST_farm_1,COWPEA,0.26,0.5,synthetic_split
UPPER WEST,UPPER_WEST_farm_2,COWPEA,0.22,0.5,synthetic_split
UPPER WEST,UPPER_WEST_farm_3,COWPEA,0.29,0.5,synthetic_split
UPPER WEST,UPPER_WEST_farm_4,COWPEA,0.16,0.5,synthetic_split
UPPER WEST,UPPER_WEST_farm_5,COWPEA,0.19,0.5,synthetic_split
UPPER WEST,UPPER_WEST_farm_1,SOYABEAN,0.12,0.5,synthetic_split
UPPER WEST,UPPER_WEST_farm_2,SOYABEAN,0.39,0.5,synthetic_split
UPPER WEST,UPPER_WEST_farm_3,SOYABEAN,0.15,0.5,synthetic_split
UPPER WEST,UPPER_WEST_farm_4,SOYABEAN,0.3,0.5,synthetic_split
UPPER WEST,UPPER_WEST_farm_5,SOYABEAN,0.17,0.5,synthetic_split
UPPER EAST,UPPER_EAST_farm_1,MAIZE,0.31,0.5,synthetic_split
UPPER EAST,UPPER_EAST_farm_2,MAIZE,0.4,0.5,synthetic_split
UPPER EAST,UPPER_EAST_farm_3,MAIZE,0.28,0.5,synthetic_split
UPPER EAST,UPPER_EAST_farm_4,MAIZE,0.51,0.5,synthetic_split
UPPER EAST,UPPER_EAST_farm_5,MAIZE,0.23,0.5,synthetic_split
UPPER EAST,UPPER_EAST_farm_1,RICE,0.71,0.5,synthetic_split
UPPER EAST,UPPER_EAST_farm_2,RICE,0.37,0.5,synthetic_split
UPPER EAST,UPPER_EAST_farm_3,RICE,0.45,0.5,synthetic_split
UPPER EAST,UPPER_EAST_farm_4,RICE,0.48,0.5,synthetic_split
UPPER EAST,UPPER_EAST_farm_5,RICE,0.14,0.5,synthetic_split
UPPER EAST,UPPER_EAST_farm_1,MILLET,0.04,0.5,synthetic_split
UPPER EAST,UPPER_EAST_farm_2,MILLET,0.27,0.5,synthetic_split
UPPER EAST,UPPER_EAST_farm_3,MILLET,0.26,0.5,synthetic_split
UPPER EAST,UPPER_EAST_farm_4,MILLET,0.27,0.5,synthetic_split
UPPER EAST,UPPER_EAST_farm_5,MILLET,0.01,0.5,synthetic_split
UPPER EAST,UPPER_EAST_farm_1,SORGHUM,0.14,0.5,synthetic_split
UPPER EAST,UPPER_EAST_farm_2,SORGHUM,0.09,0.5,synthetic_split
UPPER EAST,UPPER_EAST_farm_3,SORGHUM,0.34,0.5,synthetic_split
UPPER EAST,UPPER_EAST_farm_4,SORGHUM,0.38,0.5,synthetic_split
UPPER EAST,UPPER_EAST_farm_5,SORGHUM,0.11,0.5,synthetic_split
UPPER EAST,UPPER_EAST_farm_1,G'NUTS,0.33,0.5,synthetic_split
UPPER EAST,UPPER_EAST_farm_2,G'NUTS,0.06,0.5,synthetic_split
UPPER EAST,UPPER_EAST_farm_3,G'NUTS,0.14,0.5,synthetic_split
UPPER EAST,UPPER_EAST_farm_4,G'NUTS,0.07,0.5,synthetic_split
UPPER EAST,UPPER_EAST_farm_5,G'NUTS,0.14,0.5,synthetic_split
UPPER EAST,UPPER_EAST_farm_1,COWPEA,0.14,0.5,synthetic_split
UPPER EAST,UPPER_EAST_farm_2,COWPEA,0.18,0.5,synthetic_split
UPPER EAST,UPPER_EAST_farm_3,COWPEA,0.04,0.5,synthetic_split
UPPER EAST,UPPER_EAST_farm_4,COWPEA,0.11,0.5,synthetic_split
UPPER EAST,UPPER_EAST_farm_5,COWPEA,0.14,0.5,synthetic_split
UPPER EAST,UPPER_EAST_farm_1,SOYABEAN,0.94,0.5,synthetic_split
UPPER EAST,UPPER_EAST_farm_2,SOYABEAN,0.6,0.5,synthetic_split
UPPER EAST,UPPER_EAST_farm_3,SOYABEAN,0.25,0.5,synthetic_split
UPPER EAST,UPPER_EAST_farm_4,SOYABEAN,0.62,0.5,synthetic_split
UPPER EAST,UPPER_EAST_farm_5,SOYABEAN,0.32,0.5,synthetic_split
AVERAGE YIELD,AVERAGE_YIELD_farm_1,MAIZE,0.65,0.5,synthetic_split
AVERAGE YIELD,AVERAGE_YIELD_farm_2,MAIZE,0.26,0.5,synthetic_split
AVERAGE YIELD,AVERAGE_YIELD_farm_3,MAIZE,0.45,0.5,synthetic_split
AVERAGE YIELD,AVERAGE_YIELD_farm_4,MAIZE,0.02,0.5,synthetic_split
AVERAGE YIELD,AVERAGE_YIELD_farm_5,MAIZE,0.27,0.5,synthetic_split
AVERAGE YIELD,AVERAGE_YIELD_farm_1,RICE,0.55,0.5,synthetic_split
AVERAGE YIELD,AVERAGE_YIELD_farm_2,RICE,0.39,0.5,synthetic_split
AVERAGE YIELD,AVERAGE_YIELD_farm_3,RICE,0.28,0.5,synthetic_split
AVERAGE YIELD,AVERAGE_YIELD_farm_4,RICE,0.59,0.5,synthetic_split
AVERAGE YIELD,AVERAGE_YIELD_farm_5,RICE,0.54,0.5,synthetic_split
AVERAGE YIELD,AVERAGE_YIELD_farm_1,MILLET,0.14,0.5,synthetic_split
AVERAGE YIELD,AVERAGE_YIELD_farm_2,MILLET,0.24,0.5,synthetic_split
AVERAGE YIELD,AVERAGE_YIELD_farm_3,MILLET,0.22,0.5,synthetic_split
AVERAGE YIELD,AVERAGE_YIELD_farm_4,MILLET,0.28,0.5,synthetic_split
AVERAGE YIELD,AVERAGE_YIELD_farm_5,MILLET,0.15,0.5,synthetic_split
AVERAGE YIELD,AVERAGE_YIELD_farm_1,SORGHUM,0.07,0.5,synthetic_split
AVERAGE YIELD,AVERAGE_YIELD_farm_2,SORGHUM,0.28,0.5,synthetic_split
AVERAGE YIELD,AVERAGE_YIELD_farm_3,SORGHUM,0.28,0.5,synthetic_split
AVERAGE YIELD,AVERAGE_YIELD_farm_4,SORGHUM,0.25,0.5,synthetic_split
AVERAGE YIELD,AVERAGE_YIELD_farm_5,SORGHUM,0.3,0.5,synthetic_split
AVERAGE YIELD,AVERAGE_YIELD_farm_1,CASSAVA,3.72,0.5,synthetic_split
AVERAGE YIELD,AVERAGE_YIELD_farm_2,CASSAVA,3.82,0.5,synthetic_split
AVERAGE YIELD,AVERAGE_YIELD_farm_3,CASSAVA,3.8,0.5,synthetic_split
AVERAGE YIELD,AVERAGE_YIELD_farm_4,CASSAVA,2.4,0.5,synthetic_split
AVERAGE YIELD,AVERAGE_YIELD_farm_5,CASSAVA,2.28,0.5,synthetic_split
AVERAGE YIELD,AVERAGE_YIELD_farm_1,YAM,1.73,0.5,synthetic_split
AVERAGE YIELD,AVERAGE_YIELD_farm_2,YAM,4.63,0.5,synthetic_split
AVERAGE YIELD,AVERAGE_YIELD_farm_3,YAM,2.08,0.5,synthetic_split
AVERAGE YIELD,AVERAGE_YIELD_farm_4,YAM,1.85,0.5,synthetic_split
AVERAGE YIELD,AVERAGE_YIELD_farm_5,YAM,4.21,0.5,synthetic_split
AVERAGE YIELD,AVERAGE_YIELD_farm_1,COCOYAM,1.05,0.5,synthetic_split
AVERAGE YIELD,AVERAGE_YIELD_farm_2,COCOYAM,0.56,0.5,synthetic_split
AVERAGE YIELD,AVERAGE_YIELD_farm_3,COCOYAM,2.1,0.5,synthetic_split
AVERAGE YIELD,AVERAGE_YIELD_farm_4,COCOYAM,2.21,0.5,synthetic_split
AVERAGE YIELD,AVERAGE_YIELD_farm_5,COCOYAM,0.43,0.5,synthetic_split
AVERAGE YIELD,AVERAGE_YIELD_farm_1,PLANTAIN,0.04,0.5,synthetic_split
AVERAGE YIELD,AVERAGE_YIELD_farm_2,PLANTAIN,1.71,0.5,synthetic_split
AVERAGE YIELD,AVERAGE_YIELD_farm_3,PLANTAIN,4.05,0.5,synthetic_split
AVERAGE YIELD,AVERAGE_YIELD_farm_4,PLANTAIN,4.26,0.5,synthetic_split
AVERAGE YIELD,AVERAGE_YIELD_farm_5,PLANTAIN,0.7,0.5,synthetic_split
AVERAGE YIELD,AVERAGE_YIELD_farm_1,G'NUTS,0.41,0.5,synthetic_split
AVERAGE YIELD,AVERAGE_YIELD_farm_2,G'NUTS,0.06,0.5,synthetic_split
AVERAGE YIELD,AVERAGE_YIELD_farm_3,G'NUTS,0.21,0.5,synthetic_split
AVERAGE YIELD,AVERAGE_YIELD_farm_4,G'NUTS,0.53,0.5,synthetic_split
AVERAGE YIELD,AVERAGE_YIELD_farm_5,G'NUTS,0.1,0.5,synthetic_split
AVERAGE YIELD,AVERAGE_YIELD_farm_1,COWPEA,0.06,0.5,synthetic_split
AVERAGE YIELD,AVERAGE_YIELD_farm_2,COWPEA,0.18,0.5,synthetic_split
AVERAGE YIELD,AVERAGE_YIELD_farm_3,COWPEA,0.26,0.5,synthetic_split
AVERAGE YIELD,AVERAGE_YIELD_farm_4,COWPEA,0.39,0.5,synthetic_split
AVERAGE YIELD,AVERAGE_YIELD_farm_5,COWPEA,0.41,0.5,synthetic_split
AVERAGE YIELD,AVERAGE_YIELD_farm_1,SOYABEAN,0.06,0.5,synthetic_split
AVERAGE YIELD,AVERAGE_YIELD_farm_2,SOYABEAN,0.12,0.5,synthetic_split
AVERAGE YIELD,AVERAGE_YIELD_farm_3,SOYABEAN,0.7,0.5,synthetic_split
AVERAGE YIELD,AVERAGE_YIELD_farm_4,SOYABEAN,0.24,0.5,synthetic_split
AVERAGE YIELD,AVERAGE_YIELD_farm_5,SOYABEAN,0.79,0.5,synthetic_split
